index,acc_ln,eig_ln,acc_rn,eig_rn,acc_dn,eig_dn,acc_vgg,eig_vgg
0,100.0,0.14054275,97.88,0.04282756,100.0,0.002327036,100.0,0.06381839
1,100.0,0.12459683,98.37,0.042593874,91.35,0.00034259594,99.56,0.02300547
2,99.99,0.12240077,96.76,0.0419783,93.8,0.00033601286,99.46,0.022805493
3,100.0,0.1128317,95.98,0.04180289,68.97,0.00023675321,98.32,0.019750578
4,99.98,0.111414276,95.82,0.037980035,95.66,0.0002273694,60.91,0.017451063
5,100.0,0.108444564,95.82,0.03688283,98.35,0.00022218809,72.33,0.017008329
6,99.99,0.10385818,96.02,0.036527067,65.01,0.00018811226,61.35,0.016769124
7,99.99,0.10260611,95.06,0.036106434,64.29,0.00017743086,55.41,0.016238268
8,99.99,0.101566374,97.48,0.031814557,95.57,0.00015560271,55.5,0.016127134
9,100.0,0.10065442,99.55,0.013777613,71.92,0.00014136735,58.96,0.015188231
10,99.98,0.09512244,99.24,0.012035271,67.57,0.00014056024,85.52,0.015003147
11,99.9775,0.09396941,99.0475,0.011372025,73.22749999999999,0.00013886062,84.8725,0.014975458
12,99.975,0.09251897,98.85499999999999,0.011195398,78.88499999999999,0.00012514104,84.225,0.014928487
13,99.9725,0.088651866,98.6625,0.011140506,84.5425,0.00011321253,83.5775,0.013930296
14,99.97,0.08818362,98.47,0.011049108,90.2,9.8545876e-05,82.93,0.013874513
15,99.97,0.08540468,98.0275,0.010535676,87.5475,9.771638e-05,83.25750000000001,0.013630528
16,99.97,0.084972054,97.58500000000001,0.0103312135,84.89500000000001,9.5090574e-05,83.58500000000001,0.0135015575
17,99.97,0.084525116,97.1425,0.010245579,82.2425,8.841838e-05,83.9125,0.013153331
18,99.97,0.08327494,96.7,0.010115639,79.59,8.694402e-05,84.24,0.013084704
19,99.95,0.08115339,96.825,0.009944044,72.2775,8.513975e-05,81.0375,0.0126326075
20,99.93,0.080650054,96.95,0.009916431,64.965,8.427897e-05,77.83500000000001,0.012358104
21,99.91,0.07911393,97.075,0.009847463,57.6525,8.2653816e-05,74.63250000000001,0.011988222
22,99.89,0.076907754,97.2,0.009720634,50.34,8.21079e-05,71.43,0.011932577
23,99.8725,0.07646961,96.755,0.009578023,50.215,7.3105686e-05,69.9375,0.011841194
24,99.85499999999999,0.07514682,96.31,0.009448993,50.09,6.590289e-05,68.445,0.011744817
25,99.83749999999999,0.07366309,95.86500000000001,0.009344783,49.965,6.5475484e-05,66.9525,0.011602585
26,99.82,0.073318474,95.42,0.009178282,49.84,5.2575266e-05,65.46,0.011556502
27,99.7575,0.07253014,94.99000000000001,0.009083543,55.0025,5.1782252e-05,67.16999999999999,0.011289999
28,99.695,0.07081116,94.56,0.008849776,60.165,5.1004467e-05,68.88,0.011272031
29,99.6325,0.07003685,94.13,0.008821232,65.3275,5.0738487e-05,70.59,0.01119701
30,99.57,0.06875921,93.7,0.008753132,70.49,4.787015e-05,72.3,0.011099444
31,99.585,0.06781175,93.7825,0.00869097,65.6775,4.6317087e-05,68.095,0.011033613
32,99.6,0.06745212,93.86500000000001,0.008606897,60.864999999999995,4.3788605e-05,63.89,0.01093283
33,99.615,0.066544935,93.9475,0.008562052,56.0525,4.309205e-05,59.684999999999995,0.010873765
34,99.63,0.06445161,94.03,0.008539876,51.24,4.273238e-05,55.48,0.010697555
35,99.5825,0.06363424,94.3575,0.008433658,50.805,4.037802e-05,55.9725,0.010598072
36,99.535,0.06359397,94.685,0.00840782,50.370000000000005,3.929216e-05,56.465,0.010424319
37,99.4875,0.062738135,95.0125,0.008350521,49.935,3.7483802e-05,56.9575,0.010402238
38,99.44,0.062147003,95.34,0.008181482,49.5,3.722621e-05,57.45,0.010348697
39,99.11,0.061899282,95.0325,0.008120531,50.725,3.711308e-05,58.6225,0.010301172
40,98.78,0.059891343,94.725,0.008089516,51.95,3.6210615e-05,59.795,0.010223358
41,98.45,0.05936926,94.4175,0.008036862,53.175,3.4160174e-05,60.9675,0.010110096
42,98.12,0.058553092,94.11,0.007978331,54.4,3.4014643e-05,62.14,0.01009344
43,96.83,0.05760807,94.4025,0.00795306,53.41,3.3472992e-05,60.7625,0.00996368
44,95.53999999999999,0.056991402,94.695,0.007944946,52.42,3.2356842e-05,59.385000000000005,0.009942834
45,94.25,0.056250364,94.9875,0.007837492,51.43,3.053921e-05,58.0075,0.009886536
46,92.96,0.056110688,95.28,0.0078005954,50.44,3.0045006e-05,56.63,0.009830641
47,92.21,0.055257462,94.885,0.007686174,51.9975,2.9443252e-05,57.260000000000005,0.009750587
48,91.46,0.055123135,94.49000000000001,0.007621671,53.555,2.9212646e-05,57.89,0.009697759
49,90.71,0.05454382,94.095,0.0075673456,55.1125,2.8579117e-05,58.519999999999996,0.009627744
50,89.96,0.053807594,93.7,0.007507143,56.67,2.776356e-05,59.15,0.00957457
51,90.7525,0.052979156,93.6,0.007431512,55.347500000000004,2.7346463e-05,60.2275,0.009551138
52,91.54499999999999,0.05255452,93.5,0.0074243997,54.025000000000006,2.705134e-05,61.305,0.009504994
53,92.33749999999999,0.05222875,93.4,0.007379284,52.7025,2.6885255e-05,62.3825,0.009440878
54,93.13,0.05186893,93.3,0.0073145893,51.38,2.6566688e-05,63.46,0.009376441
55,93.41499999999999,0.05161655,93.7375,0.007275185,50.9225,2.6443238e-05,62.4225,0.009351968
56,93.69999999999999,0.05149965,94.175,0.0071671735,50.465,2.5549565e-05,61.385000000000005,0.009291909
57,93.985,0.051220957,94.6125,0.0069610397,50.0075,2.5160085e-05,60.347500000000004,0.00924289
58,94.27,0.051189996,95.05,0.0068766912,49.55,2.501969e-05,59.31,0.009211496
59,94.88499999999999,0.050903805,91.42999999999999,0.0067866584,49.945,2.4847863e-05,58.42,0.009191339
60,95.5,0.050608344,87.81,0.00623591,50.34,2.4577565e-05,57.53,0.009163171
61,96.11500000000001,0.050216176,84.19,0.0061424295,50.735,2.4134088e-05,56.64,0.009081177
62,96.73,0.049843423,80.57,0.0060497276,51.13,2.3613915e-05,55.75,0.009033942
63,95.2,0.04971995,81.755,0.005720364,51.3275,2.3566372e-05,56.315,0.008927136
64,93.67,0.04929377,82.94,0.0056482935,51.525000000000006,2.3350274e-05,56.879999999999995,0.008802445
65,92.14,0.0490734,84.125,0.0054748436,51.722500000000004,2.2923285e-05,57.445,0.0087658595
66,90.61,0.048875414,85.31,0.0053718644,51.92,2.2791144e-05,58.01,0.008722292
67,90.77250000000001,0.048512954,77.62,0.0050197314,51.49,2.231227e-05,58.17,0.008623762
68,90.935,0.048292916,69.93,0.0049090036,51.06,2.1920776e-05,58.33,0.008591571
69,91.0975,0.048160836,62.239999999999995,0.0045364858,50.63,2.1759746e-05,58.489999999999995,0.008572323
70,91.26,0.047894683,54.55,0.00428182,50.2,2.1605541e-05,58.65,0.008519705
71,91.36,0.047596686,59.772499999999994,0.0037769168,50.870000000000005,2.100152e-05,57.94,0.008465297
72,91.46000000000001,0.04738046,64.995,0.003511057,51.540000000000006,2.0777456e-05,57.230000000000004,0.008409344
73,91.56,0.04723382,70.2175,0.003464259,52.21,2.042794e-05,56.52,0.008404332
74,91.66,0.046862878,75.44,0.003420873,52.88,2.0237645e-05,55.81,0.008378592
75,90.66,0.046786863,75.8175,0.0034136367,52.7,2.0145812e-05,55.975,0.008355174
76,89.66,0.046517767,76.195,0.003388727,52.519999999999996,1.9571353e-05,56.14,0.008348945
77,88.66,0.046301432,76.5725,0.0033546414,52.339999999999996,1.9389201e-05,56.305,0.008259355
78,87.66,0.046101086,76.95,0.0032860837,52.16,1.9311341e-05,56.47,0.008241257
79,87.2875,0.045995735,76.39500000000001,0.003260028,51.6425,1.8898249e-05,55.89,0.008237117
80,86.91499999999999,0.045626402,75.84,0.0032209512,51.125,1.862165e-05,55.31,0.008204728
81,86.5425,0.04553248,75.285,0.0032099967,50.6075,1.850976e-05,54.73,0.008175716
82,86.17,0.045259032,74.73,0.0031654413,50.09,1.8340994e-05,54.15,0.0081285415
83,85.01,0.045193907,73.14500000000001,0.0031241826,50.43000000000001,1.823762e-05,54.165,0.008115653
84,83.85,0.04500173,71.56,0.0030929937,50.77,1.8130386e-05,54.18,0.00809166
85,82.69,0.04482842,69.975,0.0030559557,51.11,1.8055407e-05,54.195,0.008071402
86,81.53,0.044699654,68.39,0.0030474528,51.45,1.783876e-05,54.21,0.008042681
87,81.97,0.044305574,68.815,0.0030083687,51.175000000000004,1.7747543e-05,53.9925,0.008020565
88,82.41,0.04422973,69.24000000000001,0.00299049,50.900000000000006,1.7522887e-05,53.775000000000006,0.007981669
89,82.85000000000001,0.043905064,69.665,0.0029582276,50.625,1.7471672e-05,53.557500000000005,0.007931466
90,83.29,0.043783147,70.09,0.0029340212,50.35,1.7021883e-05,53.34,0.007907647
91,83.20750000000001,0.043523073,69.715,0.0029162618,50.4675,1.6800079e-05,52.955,0.007903772
92,83.125,0.043440454,69.34,0.002906941,50.585,1.6698319e-05,52.57,0.007882469
93,83.04249999999999,0.043196764,68.965,0.0028870509,50.7025,1.6595099e-05,52.185,0.007856446
94,82.96,0.043089055,68.59,0.0028744815,50.82,1.6470196e-05,51.8,0.007830556
95,83.11749999999999,0.042895913,68.7175,0.0028550467,51.0075,1.6321577e-05,51.8375,0.007817035
96,83.275,0.04272155,68.845,0.0028455765,51.195,1.6187994e-05,51.875,0.0078004794
97,83.4325,0.042498503,68.9725,0.0028228736,51.3825,1.6123466e-05,51.9125,0.007776006
98,83.59,0.042304575,69.1,0.0027921714,51.57,1.5965777e-05,51.95,0.0077609047
99,82.70750000000001,0.04219368,69.13749999999999,0.0027882685,51.24,1.5781758e-05,52.7025,0.007747989
100,81.825,0.04210938,69.175,0.0027751322,50.91,1.5664882e-05,53.455,0.0077263005
101,80.9425,0.0420302,69.2125,0.0027733142,50.58,1.5589621e-05,54.2075,0.0077062077
102,80.06,0.041767996,69.25,0.0027643254,50.25,1.5432965e-05,54.96,0.007680802
103,81.3475,0.041567717,69.435,0.0027564988,50.65,1.536179e-05,54.835,0.0076659494
104,82.63499999999999,0.041385345,69.62,0.0027366218,51.05,1.5340585e-05,54.71,0.007640769
105,83.9225,0.0411986,69.80499999999999,0.002726215,51.45,1.5218658e-05,54.585,0.0076063564
106,85.21,0.041135386,69.99,0.002698879,51.85,1.51118065e-05,54.46,0.0075762565
107,83.6225,0.04098423,69.8975,0.0026934324,51.54,1.50864835e-05,54.6125,0.007565612
108,82.035,0.040928308,69.805,0.0026877918,51.230000000000004,1.4893923e-05,54.765,0.007513088
109,80.44749999999999,0.040648174,69.7125,0.0026793457,50.92,1.4829369e-05,54.917500000000004,0.0074892673
110,78.86,0.04043815,69.62,0.0026507226,50.61,1.4817553e-05,55.07,0.0074709593
111,78.91,0.040408105,69.205,0.002634674,50.775,1.4675141e-05,54.675,0.0074607176
112,78.96000000000001,0.040169954,68.78999999999999,0.0026126774,50.94,1.4526381e-05,54.28,0.0074581597
113,79.01,0.040021807,68.375,0.0026090266,51.105000000000004,1.4374947e-05,53.885000000000005,0.007424459
114,79.06,0.039927445,67.96,0.0025878435,51.27,1.430764e-05,53.49,0.0074139847
115,79.6425,0.039825268,67.595,0.0025729178,50.895,1.4151932e-05,53.2425,0.0074016666
116,80.225,0.039774034,67.22999999999999,0.0025554118,50.52,1.4058161e-05,52.995000000000005,0.0073782383
117,80.8075,0.039632823,66.865,0.0025276898,50.145,1.3880744e-05,52.7475,0.007369117
118,81.39,0.039423507,66.5,0.0025091348,49.77,1.3863716e-05,52.5,0.0073648244
119,80.91,0.03930235,66.8025,0.002489555,49.88,1.3727902e-05,52.63,0.0073341215
120,80.43,0.039102584,67.10499999999999,0.002477839,49.99,1.3547057e-05,52.760000000000005,0.007313103
121,79.95,0.039044898,67.4075,0.0024525377,50.1,1.3494696e-05,52.89,0.007302647
122,79.47,0.03903271,67.71,0.002446318,50.21,1.3337985e-05,53.02,0.007291056
123,79.075,0.038742457,67.6775,0.0024359676,50.32,1.3278248e-05,53.22,0.0072575253
124,78.68,0.038666528,67.645,0.0024165208,50.43,1.3241872e-05,53.42,0.0072331848
125,78.285,0.03861434,67.6125,0.0023818861,50.54,1.312614e-05,53.620000000000005,0.007223484
126,77.89,0.03849193,67.58,0.0023749718,50.65,1.3090542e-05,53.82,0.0072072516
127,78.575,0.038333848,66.855,0.002350518,50.7325,1.3025971e-05,53.917500000000004,0.0071900445
128,79.25999999999999,0.03822427,66.13,0.002336523,50.815,1.2953905e-05,54.015,0.007184728
129,79.945,0.037922017,65.405,0.0023123038,50.897499999999994,1.2889025e-05,54.1125,0.007171595
130,80.63,0.037679274,64.68,0.0022980256,50.98,1.2823279e-05,54.21,0.0071469774
131,78.6875,0.037472412,64.58000000000001,0.0022818143,50.875,1.26977475e-05,54.2425,0.0071356436
132,76.745,0.037386622,64.48,0.002274836,50.769999999999996,1.2592172e-05,54.275000000000006,0.00711965
133,74.8025,0.03727145,64.38,0.0022573427,50.665,1.251322e-05,54.307500000000005,0.0070950086
134,72.86,0.037137955,64.28,0.0022312154,50.56,1.2412847e-05,54.34,0.0070887497
135,73.46000000000001,0.037109423,64.74000000000001,0.0022126606,50.4775,1.2310233e-05,54.08,0.0070665656
136,74.06,0.036991775,65.2,0.0021739225,50.394999999999996,1.2250814e-05,53.82,0.007051283
137,74.66,0.036942758,65.66,0.002151806,50.3125,1.20484065e-05,53.56,0.0070173526
138,75.26,0.036710083,66.12,0.002036715,50.23,1.1982455e-05,53.3,0.0070015364
139,74.9775,0.03655338,66.48,0.0020298515,50.402499999999996,1.184807e-05,53.474999999999994,0.006990345
140,74.695,0.036484227,66.84,0.0020209902,50.575,1.1800795e-05,53.65,0.0069816294
141,74.4125,0.036211297,67.2,0.0020147266,50.7475,1.171983e-05,53.825,0.00696771
142,74.13,0.036105674,67.56,0.001996801,50.92,1.15809835e-05,54.0,0.0069540897
143,75.085,0.036052685,66.8475,0.001990863,50.7875,1.1531499e-05,53.5125,0.006928925
144,76.03999999999999,0.03586182,66.13499999999999,0.0019704707,50.655,1.1446178e-05,53.025,0.0069186683
145,76.995,0.03573449,65.4225,0.0019560396,50.5225,1.1393179e-05,52.537499999999994,0.0069112726
146,77.95,0.035603482,64.71,0.0019312671,50.39,1.12879225e-05,52.05,0.0068914066
147,77.07000000000001,0.035573266,64.1875,0.0019124058,50.307500000000005,1.1266252e-05,52.1125,0.0068761916
148,76.19,0.03532067,63.66499999999999,0.0019098883,50.225,1.1108902e-05,52.175,0.0068650343
149,75.31,0.03530226,63.1425,0.0019092411,50.1425,1.1000386e-05,52.2375,0.0068525085
150,74.43,0.03522617,62.62,0.0018949284,50.06,1.0955017e-05,52.3,0.0068390407
151,74.2125,0.03509779,62.4525,0.0018885537,50.06,1.0904863e-05,52.295,0.006814191
152,73.995,0.035018202,62.285,0.0018748837,50.06,1.0793646e-05,52.29,0.0068079224
153,73.7775,0.035006367,62.1175,0.0018584424,50.06,1.06965335e-05,52.285,0.0067799157
154,73.56,0.0349138,61.95,0.001855901,50.06,1.0658586e-05,52.28,0.0067717996
155,72.775,0.034800716,62.105000000000004,0.0018497431,50.1525,1.0599561e-05,52.105000000000004,0.006756826
156,71.99000000000001,0.03458517,62.260000000000005,0.0018411995,50.245000000000005,1.0548224e-05,51.93,0.0067455983
157,71.205,0.0344711,62.415,0.0018396445,50.3375,1.0532879e-05,51.754999999999995,0.0067156763
158,70.42,0.034377076,62.57,0.0018326772,50.43,1.0407305e-05,51.58,0.0067113987
159,70.715,0.034161735,62.665,0.0018271145,50.3575,1.0388237e-05,51.567499999999995,0.0066998606
160,71.00999999999999,0.034084957,62.760000000000005,0.0018157325,50.285,1.0355752e-05,51.555,0.0066792034
161,71.30499999999999,0.034014627,62.855000000000004,0.001809774,50.2125,1.0304775e-05,51.542500000000004,0.0066743
162,71.6,0.033859797,62.95,0.0018053635,50.14,1.02507765e-05,51.53,0.0066661756
163,72.065,0.03372045,62.895,0.0017965975,50.24,1.0181438e-05,51.2525,0.0066402303
164,72.53,0.03366786,62.84,0.0017923682,50.34,1.00805755e-05,50.975,0.006631579
165,72.99499999999999,0.03361848,62.785,0.0017900371,50.44,1.0018727e-05,50.697500000000005,0.006624415
166,73.46,0.033549864,62.73,0.0017836791,50.54,9.962162e-06,50.42,0.0066064647
167,73.2375,0.033402693,62.535,0.0017757297,50.435,9.912478e-06,50.945,0.006596299
168,73.01499999999999,0.03338539,62.34,0.0017673591,50.33,9.838407e-06,51.47,0.006584033
169,72.79249999999999,0.033324737,62.145,0.0017633757,50.224999999999994,9.812349e-06,51.995000000000005,0.0065642907
170,72.57,0.033292487,61.95,0.0017587795,50.12,9.739128e-06,52.52,0.006544022
171,72.5475,0.033107493,61.972500000000004,0.0017531592,50.15,9.696813e-06,52.6525,0.0065384456
172,72.525,0.033015855,61.995000000000005,0.0017492222,50.18,9.615323e-06,52.785,0.006524662
173,72.5025,0.032967143,62.0175,0.0017446268,50.21,9.568949e-06,52.9175,0.0065139183
174,72.48,0.032886777,62.04,0.0017383486,50.24,9.510737e-06,53.05,0.0065036383
175,72.7675,0.032818843,62.045,0.0017343004,50.2475,9.433653e-06,52.9475,0.006495335
176,73.055,0.03266903,62.05,0.0017286702,50.255,9.4156685e-06,52.845,0.006479007
177,73.3425,0.03258697,62.055,0.0017220476,50.2625,9.363804e-06,52.7425,0.0064662984
178,73.63,0.032380566,62.06,0.0017179371,50.27,9.342637e-06,52.64,0.0064630397
179,73.10249999999999,0.032313865,61.9775,0.0017167024,50.38,9.249612e-06,52.115,0.0064463336
180,72.57499999999999,0.03226138,61.894999999999996,0.0017085621,50.49,9.212487e-06,51.59,0.006428114
181,72.0475,0.03213123,61.8125,0.0017018949,50.6,9.128019e-06,51.065,0.0064213616
182,71.52,0.032057058,61.73,0.0016976892,50.71,9.101773e-06,50.54,0.0064044474
183,71.69,0.03197176,61.9875,0.0016895429,50.65,9.051656e-06,51.035,0.0063945474
184,71.86,0.031903442,62.245,0.0016875382,50.59,9.010493e-06,51.53,0.0063854926
185,72.03,0.03179377,62.5025,0.0016825465,50.53,8.964842e-06,52.025000000000006,0.006375656
186,72.2,0.031597745,62.76,0.001678987,50.47,8.91861e-06,52.52,0.0063663367
187,71.6925,0.031584807,62.214999999999996,0.0016743788,50.3,8.871768e-06,52.2625,0.0063519147
188,71.185,0.031523913,61.67,0.001671685,50.129999999999995,8.825169e-06,52.005,0.006345813
189,70.67750000000001,0.031471428,61.125,0.0016677028,49.96,8.7486815e-06,51.7475,0.006335386
190,70.17,0.031412292,60.58,0.0016612322,49.79,8.73143e-06,51.49,0.0063266195
191,70.055,0.031175032,60.6975,0.0016599209,49.8875,8.710017e-06,51.847500000000004,0.006317861
192,69.94,0.031140087,60.815,0.0016535613,49.985,8.643165e-06,52.205,0.006304655
193,69.82499999999999,0.031079778,60.9325,0.0016426978,50.082499999999996,8.623098e-06,52.5625,0.0062879017
194,69.71,0.030993609,61.05,0.0016385352,50.18,8.594353e-06,52.92,0.0062782937
195,68.8775,0.030858485,61.339999999999996,0.0016336669,50.385,8.544768e-06,52.67,0.00626578
196,68.04499999999999,0.030818854,61.629999999999995,0.001629454,50.59,8.521989e-06,52.42,0.006253838
197,67.21249999999999,0.030736675,61.92,0.0016243788,50.795,8.458275e-06,52.17,0.006241408
198,66.38,0.030630833,62.21,0.0016175217,51.0,8.431778e-06,51.92,0.0062367427
199,66.46,0.030509096,61.7825,0.00161501,50.8,8.413949e-06,51.7275,0.0062248493
200,66.53999999999999,0.030489627,61.355000000000004,0.0016086999,50.6,8.386535e-06,51.535,0.0062226797
201,66.62,0.03035832,60.9275,0.0016054268,50.400000000000006,8.345797e-06,51.3425,0.0062013837
202,66.7,0.03026417,60.5,0.0015993479,50.2,8.319645e-06,51.15,0.006185428
203,66.83500000000001,0.0302121,60.76,0.0015955727,50.4675,8.263693e-06,51.205,0.0061745793
204,66.97,0.030130623,61.019999999999996,0.0015916504,50.735,8.222983e-06,51.26,0.0061659315
205,67.10499999999999,0.030076003,61.28,0.0015870827,51.002500000000005,8.1763865e-06,51.315,0.006154797
206,67.24,0.029969156,61.54,0.0015832277,51.27,8.166823e-06,51.37,0.006139839
207,67.72999999999999,0.029853357,61.3125,0.001575735,50.9225,8.1424605e-06,51.32,0.0061224387
208,68.22,0.02981523,61.085,0.0015700129,50.575,8.131928e-06,51.269999999999996,0.006115381
209,68.71000000000001,0.029654643,60.8575,0.0015656304,50.227500000000006,8.1033895e-06,51.22,0.0061039836
210,69.2,0.029631166,60.63,0.0015628291,49.88,8.055147e-06,51.17,0.0061010225
211,68.83500000000001,0.02955377,60.345,0.0015514974,49.8775,8.033654e-06,51.335,0.006080926
212,68.47,0.029519826,60.06,0.0015449898,49.875,8.01905e-06,51.5,0.006073335
213,68.10499999999999,0.029438768,59.775000000000006,0.0015410278,49.8725,7.973539e-06,51.665,0.0060671866
214,67.74,0.029408744,59.49,0.0015334476,49.87,7.965652e-06,51.83,0.0060459757
215,67.5575,0.029310085,59.7425,0.0015288432,50.2925,7.924213e-06,52.019999999999996,0.006025331
216,67.375,0.029201252,59.995000000000005,0.0015248096,50.715,7.9129395e-06,52.21,0.006020459
217,67.1925,0.029144093,60.2475,0.0015152261,51.1375,7.833162e-06,52.400000000000006,0.0060153236
218,67.01,0.02907044,60.5,0.0015109873,51.56,7.828268e-06,52.59,0.0060047624
219,66.1675,0.029035714,60.1975,0.0015052771,51.2825,7.798785e-06,52.3875,0.0059907846
220,65.325,0.02892975,59.894999999999996,0.0014999884,51.005,7.790138e-06,52.185,0.0059866738
221,64.4825,0.028850785,59.5925,0.0014963406,50.727500000000006,7.7104105e-06,51.9825,0.0059752073
222,63.64,0.02877671,59.29,0.0014876442,50.45,7.678495e-06,51.78,0.0059670657
223,64.72749999999999,0.028687734,59.89,0.001477886,50.3325,7.659447e-06,52.0775,0.0059631756
224,65.815,0.02851618,60.489999999999995,0.0014756699,50.215,7.6271936e-06,52.375,0.0059484374
225,66.9025,0.028493812,61.089999999999996,0.0014670604,50.0975,7.6080855e-06,52.6725,0.005936601
226,67.99,0.028438874,61.69,0.0014642978,49.98,7.578918e-06,52.97,0.0059200525
227,67.8,0.028411841,61.614999999999995,0.0014565836,50.15,7.538934e-06,52.5925,0.00591435
228,67.61,0.02834906,61.54,0.001452048,50.31999999999999,7.5103467e-06,52.215,0.0059075984
229,67.42,0.028238105,61.465,0.0014462693,50.489999999999995,7.471653e-06,51.8375,0.0058977013
230,67.23,0.028214851,61.39,0.0014379122,50.66,7.446541e-06,51.46,0.0058863624
231,66.9675,0.028088776,59.285,0.0014309413,50.88249999999999,7.403123e-06,51.3825,0.0058699013
232,66.70500000000001,0.02803576,57.18,0.0014274898,51.105,7.3744955e-06,51.305,0.0058577103
233,66.44250000000001,0.027997931,55.075,0.0014183,51.3275,7.3604087e-06,51.2275,0.0058504688
234,66.18,0.027897859,52.97,0.0014132436,51.55,7.323549e-06,51.15,0.005838624
235,66.42,0.027837401,54.6475,0.0014082133,51.08,7.3203214e-06,51.1725,0.0058268877
236,66.66,0.027806472,56.325,0.0014023073,50.61,7.2495304e-06,51.195,0.00581865
237,66.9,0.027762212,58.0025,0.001396144,50.14,7.2338275e-06,51.2175,0.0058083725
238,67.14,0.027630635,59.68,0.0013880429,49.67,7.1967665e-06,51.24,0.00580701
239,66.73,0.02752296,59.635,0.0013823367,49.85,7.1840245e-06,51.335,0.00579204
240,66.32,0.027493946,59.59,0.0013722416,50.03,7.1607765e-06,51.43,0.0057855733
241,65.91,0.027384909,59.545,0.0013695112,50.21,7.155045e-06,51.525,0.005778367
242,65.5,0.027372733,59.5,0.0013641242,50.39,7.113404e-06,51.62,0.005768044
243,64.3775,0.027274668,59.3775,0.0013609532,50.32,7.1016257e-06,51.57,0.005760047
244,63.254999999999995,0.027256047,59.254999999999995,0.0013515746,50.25,7.0751225e-06,51.519999999999996,0.0057574394
245,62.1325,0.027137373,59.1325,0.0013481872,50.18,7.037092e-06,51.47,0.005755231
246,61.01,0.027089596,59.01,0.0013409364,50.11,6.9704333e-06,51.42,0.005743311
247,61.445,0.027061341,58.955,0.0013376289,49.917500000000004,6.959188e-06,51.3325,0.0057402267
248,61.879999999999995,0.027011894,58.9,0.0013285007,49.725,6.9550006e-06,51.245000000000005,0.0057326043
249,62.315,0.026961539,58.845,0.0013253872,49.5325,6.9265366e-06,51.1575,0.005726954
250,62.75,0.02685306,58.79,0.0013211793,49.34,6.902266e-06,51.07,0.0057093943
251,62.685,0.026818644,58.4475,0.0013190305,49.435,6.8457466e-06,51.36,0.005698198
252,62.620000000000005,0.02667399,58.105000000000004,0.0013113297,49.53,6.8339496e-06,51.65,0.0056973617
253,62.555,0.026588352,57.7625,0.0013108968,49.625,6.82404e-06,51.94,0.0056702024
254,62.49,0.026567696,57.42,0.0013074119,49.72,6.818824e-06,52.23,0.005664426
255,62.2725,0.026517289,57.822500000000005,0.001301921,50.0575,6.7964615e-06,52.1025,0.0056580813
256,62.055,0.026491696,58.225,0.0012948508,50.394999999999996,6.7760707e-06,51.974999999999994,0.005641745
257,61.8375,0.026451167,58.6275,0.0012904071,50.7325,6.747652e-06,51.8475,0.005631896
258,61.62,0.026324157,59.03,0.0012817946,51.07,6.7343262e-06,51.72,0.005619151
259,62.695,0.026260005,59.0525,0.0012782012,51.015,6.688579e-06,51.525,0.0056131356
260,63.769999999999996,0.026190765,59.075,0.0012755125,50.96,6.6587886e-06,51.33,0.005608128
261,64.845,0.026161866,59.0975,0.0012696643,50.905,6.6426865e-06,51.135,0.0055991267
262,65.92,0.026032193,59.12,0.0012668051,50.85,6.6161324e-06,50.94,0.005589569
263,64.89,0.025938252,58.927499999999995,0.0012623956,50.6925,6.600618e-06,51.037499999999994,0.0055792388
264,63.86,0.025890093,58.735,0.001260372,50.535,6.586163e-06,51.135,0.005573354
265,62.83,0.025825093,58.542500000000004,0.0012584764,50.3775,6.541688e-06,51.2325,0.0055649276
266,61.8,0.025787368,58.35,0.0012501692,50.22,6.5245617e-06,51.33,0.005555897
267,62.195,0.025738718,58.22,0.0012446382,50.0625,6.5071054e-06,51.3575,0.005547189
268,62.59,0.025716225,58.09,0.001240405,49.905,6.487024e-06,51.385,0.0055412613
269,62.985,0.025692584,57.96,0.0012366486,49.7475,6.471241e-06,51.412499999999994,0.0055252383
270,63.38,0.025679115,57.83,0.0012304621,49.59,6.4465867e-06,51.44,0.0055207266
271,63.0525,0.025554921,57.7475,0.0012233945,49.987500000000004,6.426169e-06,51.62,0.005518432
272,62.725,0.02548858,57.665,0.0012181706,50.385000000000005,6.4001433e-06,51.8,0.005495896
273,62.3975,0.025411949,57.582499999999996,0.0012097689,50.7825,6.3924504e-06,51.98,0.0054872013
274,62.07,0.025362361,57.5,0.0012066804,51.18,6.355413e-06,52.16,0.0054855947
275,62.480000000000004,0.025305437,57.0775,0.0012001494,50.9925,6.343084e-06,51.75,0.0054783304
276,62.89,0.025209611,56.655,0.0011986163,50.805,6.3342422e-06,51.34,0.0054749325
277,63.3,0.025172828,56.2325,0.0011944171,50.6175,6.295909e-06,50.93,0.005465294
278,63.71,0.025145564,55.81,0.00118548,50.43,6.2750964e-06,50.52,0.005457008
279,62.875,0.025063692,56.112500000000004,0.001184257,50.405,6.2643335e-06,50.85,0.005441832
280,62.04,0.025003249,56.415000000000006,0.0011799831,50.379999999999995,6.245592e-06,51.18000000000001,0.005437412
281,61.205,0.024944033,56.7175,0.0011730695,50.355,6.2399945e-06,51.510000000000005,0.005427843
282,60.37,0.02492058,57.02,0.0011703008,50.33,6.225967e-06,51.84,0.0054195155
283,60.8825,0.024875462,57.2025,0.0011652131,50.4675,6.1946384e-06,51.602500000000006,0.0054116477
284,61.394999999999996,0.024819229,57.385000000000005,0.0011584236,50.605000000000004,6.1807496e-06,51.365,0.005399627
285,61.9075,0.02478477,57.5675,0.0011467525,50.7425,6.1662495e-06,51.1275,0.0053972783
286,62.42,0.024754843,57.75,0.0011446533,50.88,6.131927e-06,50.89,0.0053935363
287,62.4225,0.024680397,57.2525,0.0011430196,50.6775,6.126044e-06,51.115,0.0053840214
288,62.425,0.024558702,56.754999999999995,0.001136313,50.475,6.1014175e-06,51.34,0.0053772195
289,62.4275,0.02451221,56.2575,0.001130474,50.2725,6.097823e-06,51.565,0.0053720996
290,62.43,0.024453722,55.76,0.0011280843,50.07,6.0821576e-06,51.79,0.0053665387
291,62.2475,0.02442872,55.8925,0.001124011,50.46,6.064414e-06,51.59,0.005353748
292,62.065,0.024361562,56.025,0.0011208376,50.85,6.0514067e-06,51.39,0.0053429403
293,61.8825,0.024249949,56.1575,0.0011193688,51.24,6.028628e-06,51.19,0.0053339507
294,61.7,0.024242653,56.29,0.0011173161,51.63,6.0151933e-06,50.99,0.0053302157
295,61.6425,0.024177289,56.525,0.001111029,51.245000000000005,5.9763147e-06,51.1425,0.005323424
296,61.585,0.024150198,56.76,0.0011071007,50.86,5.9696663e-06,51.295,0.005320163
297,61.5275,0.024034848,56.995,0.0011035382,50.475,5.950355e-06,51.447500000000005,0.00531286
298,61.47,0.023986883,57.23,0.0011002544,50.09,5.9334357e-06,51.6,0.0053067743
299,60.7175,0.02397143,57.01,0.0010972875,50.1575,5.918885e-06,51.222500000000004,0.0053017065
300,59.965,0.023886861,56.79,0.0010942417,50.225,5.908353e-06,50.845,0.0052877823
301,59.2125,0.0238539,56.57,0.0010900708,50.292500000000004,5.8919427e-06,50.4675,0.005281069
302,58.46,0.023807384,56.35,0.0010878855,50.36,5.8839314e-06,50.09,0.005277133
303,59.0125,0.023755688,56.715,0.0010857463,50.445,5.8619376e-06,50.295,0.0052695014
304,59.565,0.023648879,57.08,0.0010794817,50.53,5.8396085e-06,50.5,0.00525626
305,60.1175,0.023623655,57.445,0.0010748885,50.615,5.8248097e-06,50.705,0.005251864
306,60.67,0.023563925,57.81,0.0010725368,50.7,5.803772e-06,50.91,0.005243989
307,60.77,0.023529503,57.597500000000004,0.0010698595,50.6575,5.8007695e-06,50.942499999999995,0.005231605
308,60.870000000000005,0.023521898,57.385000000000005,0.0010674429,50.615,5.788533e-06,50.974999999999994,0.005226652
309,60.97,0.023446947,57.1725,0.0010615308,50.572500000000005,5.7461443e-06,51.0075,0.00521933
310,61.07,0.023354873,56.96,0.0010590377,50.53,5.7376997e-06,51.04,0.005214273
311,60.565,0.02330524,56.9425,0.001053198,50.3625,5.7270704e-06,51.0025,0.005208234
312,60.06,0.023262568,56.925,0.0010498234,50.195,5.7173097e-06,50.965,0.005201841
313,59.555,0.023236617,56.9075,0.001048787,50.0275,5.706005e-06,50.9275,0.005196018
314,59.05,0.023145428,56.89,0.001045829,49.86,5.6860003e-06,50.89,0.005189874
315,59.295,0.023098834,56.7125,0.0010426651,49.7825,5.6838257e-06,50.8925,0.0051836013
316,59.54,0.023055825,56.535,0.0010411628,49.705,5.6743047e-06,50.894999999999996,0.0051741563
317,59.785,0.022964021,56.3575,0.001037073,49.6275,5.6513613e-06,50.8975,0.005163081
318,60.03,0.022925684,56.18,0.0010344888,49.55,5.62649e-06,50.9,0.0051575582
319,60.057500000000005,0.022804676,56.167500000000004,0.0010318229,49.8225,5.611612e-06,50.902499999999996,0.005145367
320,60.085,0.02279397,56.155,0.0010297365,50.095,5.6009508e-06,50.905,0.0051423204
321,60.1125,0.022737041,56.1425,0.0010246495,50.3675,5.5957707e-06,50.9075,0.0051317113
322,60.14,0.022684628,56.13,0.0010238108,50.64,5.569861e-06,50.91,0.0051214914
323,60.3725,0.0226524,56.230000000000004,0.0010222677,50.545,5.5535706e-06,50.9725,0.0051152906
324,60.605000000000004,0.02263971,56.33,0.0010196195,50.45,5.548397e-06,51.035,0.0051115807
325,60.8375,0.022565415,56.43,0.0010177278,50.355,5.5450805e-06,51.0975,0.005107522
326,61.07,0.022534924,56.53,0.0010141785,50.26,5.5276514e-06,51.16,0.00509586
327,60.6525,0.022497036,56.620000000000005,0.001013729,50.114999999999995,5.5159862e-06,51.035,0.005093465
328,60.235,0.022447923,56.71,0.0010112914,49.97,5.504029e-06,50.91,0.005084377
329,59.817499999999995,0.022343097,56.8,0.0010084413,49.825,5.498106e-06,50.785,0.0050760917
330,59.4,0.022326322,56.89,0.0010067059,49.68,5.467627e-06,50.66,0.00506995
331,59.4125,0.022294281,57.0675,0.0010027433,49.8875,5.4477605e-06,50.8225,0.005059202
332,59.425,0.022267345,57.245000000000005,0.0009989183,50.095,5.433003e-06,50.985,0.0050550457
333,59.4375,0.022237463,57.4225,0.0009967268,50.302499999999995,5.4294715e-06,51.1475,0.00504544
334,59.45,0.022197468,57.6,0.0009941622,50.51,5.4231227e-06,51.31,0.0050418093
335,59.525000000000006,0.02213158,57.5625,0.0009918307,50.58,5.411331e-06,51.275000000000006,0.0050360872
336,59.6,0.022105392,57.525000000000006,0.0009879044,50.65,5.406512e-06,51.24,0.005029207
337,59.675,0.022031358,57.487500000000004,0.0009860203,50.72,5.379565e-06,51.205,0.0050211614
338,59.75,0.021940624,57.45,0.0009837063,50.79,5.3599024e-06,51.17,0.0050146235
339,59.715,0.021899087,57.0375,0.000981113,50.83,5.3573876e-06,50.9275,0.00501235
340,59.68,0.021879073,56.625,0.0009789632,50.870000000000005,5.335948e-06,50.685,0.0050049406
341,59.644999999999996,0.02182159,56.2125,0.00097630074,50.910000000000004,5.3142444e-06,50.4425,0.005001074
342,59.61,0.021804482,55.8,0.0009711784,50.95,5.303278e-06,50.2,0.004990953
343,59.0725,0.021733202,56.0775,0.00097069074,50.915000000000006,5.292006e-06,50.4125,0.004982278
344,58.535,0.02166462,56.355,0.0009656401,50.88,5.285064e-06,50.625,0.004974072
345,57.9975,0.02162414,56.63249999999999,0.0009634095,50.845,5.2749147e-06,50.8375,0.0049711107
346,57.46,0.021576714,56.91,0.00096100825,50.81,5.252259e-06,51.05,0.0049591414
347,57.4375,0.021514295,56.815,0.0009595097,50.46,5.242903e-06,51.0775,0.0049531213
348,57.415,0.021478215,56.72,0.00095654844,50.11,5.234807e-06,51.105,0.0049479213
349,57.3925,0.021439869,56.625,0.00095437083,49.76,5.221881e-06,51.13249999999999,0.004943649
350,57.37,0.021381442,56.53,0.00095077296,49.41,5.2147407e-06,51.16,0.004934242
351,57.36,0.021338318,56.5,0.0009485137,49.6075,5.2074897e-06,51.2325,0.0049327323
352,57.349999999999994,0.021257615,56.47,0.0009468161,49.805,5.2020146e-06,51.305,0.0049216
353,57.339999999999996,0.021217756,56.44,0.0009444186,50.0025,5.1879565e-06,51.3775,0.0049161194
354,57.33,0.021189637,56.41,0.0009406871,50.2,5.1824327e-06,51.45,0.00491327
355,57.7825,0.02113764,56.415,0.00093906856,50.235,5.1663574e-06,51.35,0.004908533
356,58.235,0.021109605,56.42,0.00093680306,50.27,5.151527e-06,51.25,0.0049016215
357,58.6875,0.021089112,56.425,0.0009348173,50.30500000000001,5.148014e-06,51.15,0.004895039
358,59.14,0.021020075,56.43,0.0009324557,50.34,5.1271813e-06,51.05,0.0048871078
359,58.4275,0.020973515,56.1875,0.00093007786,50.3425,5.1222164e-06,51.0075,0.0048841247
360,57.715,0.02094335,55.945,0.00092901406,50.345,5.1050038e-06,50.965,0.0048817615
361,57.0025,0.020916278,55.7025,0.00092583674,50.347500000000004,5.0977824e-06,50.9225,0.004875087
362,56.29,0.020883719,55.46,0.0009239334,50.35,5.0735025e-06,50.88,0.0048744665
363,57.0525,0.020813292,55.3425,0.0009217236,50.2975,5.0718377e-06,50.7175,0.004867327
364,57.815,0.020762095,55.225,0.00092019385,50.245000000000005,5.050034e-06,50.555,0.0048635034
365,58.5775,0.020725593,55.1075,0.0009180497,50.1925,5.0469835e-06,50.3925,0.0048538065
366,59.34,0.020665934,54.99,0.00091327226,50.14,5.0361787e-06,50.23,0.00484532
367,58.6525,0.020621698,55.485,0.0009124449,50.0875,5.026526e-06,50.635,0.004835336
368,57.965,0.020599917,55.980000000000004,0.0009094627,50.035,5.0231984e-06,51.04,0.0048323274
369,57.2775,0.020551333,56.475,0.0009082494,49.9825,4.9970213e-06,51.445,0.004825122
370,56.59,0.020521266,56.97,0.0009049007,49.93,4.9918617e-06,51.85,0.004813796
371,57.300000000000004,0.020487934,56.7475,0.000902533,49.9675,4.966489e-06,51.7525,0.0048136287
372,58.010000000000005,0.020420069,56.525,0.0009017861,50.004999999999995,4.960047e-06,51.655,0.0048047095
373,58.72,0.020348644,56.302499999999995,0.00089791114,50.0425,4.9514583e-06,51.557500000000005,0.0048001055
374,59.43,0.020342164,56.08,0.00089544134,50.08,4.943489e-06,51.46,0.004796005
375,59.019999999999996,0.020294372,56.0475,0.0008948367,50.1675,4.9394903e-06,51.4275,0.004793372
376,58.61,0.020245096,56.015,0.0008922782,50.254999999999995,4.931966e-06,51.394999999999996,0.0047787507
377,58.2,0.020220554,55.9825,0.00089122105,50.3425,4.920477e-06,51.3625,0.0047762482
378,57.79,0.020176616,55.95,0.0008893123,50.43,4.914208e-06,51.33,0.0047703004
379,57.815,0.020103771,55.9075,0.00088479277,50.2025,4.9041305e-06,51.06,0.0047613787
380,57.84,0.020088986,55.865,0.00088321645,49.975,4.8868615e-06,50.79,0.004753102
381,57.865,0.020050675,55.822500000000005,0.0008814085,49.7475,4.8816373e-06,50.519999999999996,0.004748951
382,57.89,0.020046523,55.78,0.0008799102,49.52,4.880244e-06,50.25,0.004744734
383,57.8225,0.019994086,55.9425,0.00087661284,49.6225,4.8608176e-06,50.16,0.0047366107
384,57.754999999999995,0.019957267,56.105000000000004,0.0008744408,49.725,4.8442603e-06,50.07,0.004732883
385,57.6875,0.019914962,56.2675,0.0008729973,49.8275,4.838272e-06,49.980000000000004,0.0047295415
386,57.62,0.019893508,56.43,0.00086960214,49.93,4.8268244e-06,49.89,0.004725129
387,57.4625,0.01986333,56.56,0.0008681966,50.03,4.818919e-06,50.035,0.0047193374
388,57.305,0.019780215,56.69,0.00086720445,50.129999999999995,4.814911e-06,50.18,0.0047067297
389,57.1475,0.019740785,56.82,0.00086553814,50.23,4.7971685e-06,50.325,0.0047018095
390,56.99,0.019673992,56.95,0.00086300855,50.33,4.7831795e-06,50.47,0.004699082
391,56.695,0.01960485,56.675000000000004,0.0008615583,50.317499999999995,4.776291e-06,50.7775,0.0046941442
392,56.400000000000006,0.019592896,56.400000000000006,0.00085938355,50.305,4.7698104e-06,51.085,0.0046888706
393,56.105000000000004,0.019565389,56.125,0.00085695897,50.292500000000004,4.7612575e-06,51.3925,0.0046862485
394,55.81,0.019540293,55.85,0.00085595495,50.28,4.753679e-06,51.7,0.004683047
395,56.307500000000005,0.019515598,55.865,0.0008532563,50.1125,4.750245e-06,51.53,0.0046730526
396,56.805,0.019481542,55.879999999999995,0.00085001445,49.945,4.7289723e-06,51.36,0.0046652383
397,57.302499999999995,0.019422108,55.894999999999996,0.00084711396,49.7775,4.715689e-06,51.190000000000005,0.0046634492
398,57.8,0.019379737,55.91,0.00084497075,49.61,4.70357e-06,51.02,0.0046590404
399,57.3275,0.019349907,55.875,0.00084364496,49.6775,4.701842e-06,50.962500000000006,0.004652657
400,56.855,0.019310655,55.84,0.000843193,49.745000000000005,4.6954624e-06,50.905,0.0046466286
401,56.38249999999999,0.019292355,55.805,0.0008395091,49.8125,4.6905357e-06,50.8475,0.0046435166
402,55.91,0.019230448,55.77,0.00083620835,49.88,4.677036e-06,50.79,0.004638759
403,55.817499999999995,0.01921214,55.845,0.0008349459,49.92,4.674598e-06,50.79,0.0046318527
404,55.724999999999994,0.019126942,55.92,0.0008318539,49.96,4.656105e-06,50.79,0.004630268
405,55.6325,0.019101672,55.995000000000005,0.0008299674,50.0,4.6473174e-06,50.79,0.004622502
406,55.54,0.019060422,56.07,0.0008272168,50.04,4.64375e-06,50.79,0.004613254
407,55.4725,0.01900176,55.8375,0.0008244939,49.81,4.635537e-06,50.605,0.004609693
408,55.405,0.018999197,55.605000000000004,0.0008230578,49.58,4.6292857e-06,50.42,0.004605539
409,55.337500000000006,0.018953416,55.3725,0.00082269154,49.349999999999994,4.611087e-06,50.235,0.0045996243
410,55.27,0.018902412,55.14,0.0008189683,49.12,4.6055025e-06,50.05,0.0045952206
411,55.21,0.018860409,54.88,0.0008180892,49.214999999999996,4.59715e-06,50.277499999999996,0.0045898133
412,55.150000000000006,0.018822458,54.620000000000005,0.00081572885,49.31,4.584827e-06,50.504999999999995,0.00458641
413,55.09,0.018818043,54.36,0.00081431004,49.405,4.581554e-06,50.7325,0.00458053
414,55.03,0.018772377,54.1,0.0008127745,49.5,4.566178e-06,50.96,0.0045744013
415,55.325,0.018745415,54.1275,0.0008095101,49.7975,4.559852e-06,50.9425,0.0045681535
416,55.620000000000005,0.018651342,54.155,0.0008087274,50.095,4.5571396e-06,50.925,0.0045591407
417,55.915,0.018624462,54.182500000000005,0.0008064562,50.3925,4.5474435e-06,50.9075,0.004553626
418,56.21,0.018598387,54.21,0.00080517016,50.69,4.537226e-06,50.89,0.0045512826
419,56.08,0.018562531,54.315,0.0008030006,50.605,4.528146e-06,50.6625,0.0045462074
420,55.95,0.018487044,54.42,0.0008004999,50.519999999999996,4.519151e-06,50.435,0.004536554
421,55.82,0.018418092,54.525000000000006,0.0007981159,50.435,4.511191e-06,50.207499999999996,0.0045327307
422,55.69,0.01839238,54.63,0.00079546066,50.35,4.506194e-06,49.98,0.004525934
423,55.915,0.01836118,54.64,0.00079379074,50.22,4.4938133e-06,49.949999999999996,0.004523847
424,56.14,0.018331233,54.650000000000006,0.00079299224,50.09,4.4880735e-06,49.92,0.004521837
425,56.365,0.018285125,54.660000000000004,0.0007914914,49.96,4.482246e-06,49.89,0.0045144167
426,56.59,0.018265605,54.67,0.00079037127,49.83,4.473414e-06,49.86,0.0045101168
427,56.49,0.01824134,54.775000000000006,0.0007877102,49.7475,4.4636226e-06,49.894999999999996,0.004501621
428,56.39,0.018201992,54.88,0.00078482047,49.665,4.457442e-06,49.93,0.0045012776
429,56.29,0.01817491,54.985,0.0007812013,49.582499999999996,4.445424e-06,49.965,0.0044957246
430,56.19,0.018128509,55.09,0.00078001624,49.5,4.433912e-06,50.0,0.0044901306
431,55.787499999999994,0.018108077,54.88,0.0007798614,49.4625,4.431715e-06,50.082499999999996,0.004483895
432,55.385,0.018062793,54.67,0.0007769475,49.425,4.4252433e-06,50.165,0.0044754255
433,54.9825,0.018024892,54.46,0.0007764477,49.3875,4.415279e-06,50.2475,0.004472171
434,54.58,0.01799814,54.25,0.000775784,49.35,4.4049525e-06,50.33,0.0044660997
435,54.575,0.017959032,54.3525,0.0007739659,49.447500000000005,4.3998007e-06,50.474999999999994,0.0044600056
436,54.57,0.017931147,54.455,0.0007717038,49.545,4.3846253e-06,50.62,0.0044535915
437,54.565,0.017902033,54.5575,0.00077114487,49.6425,4.3735804e-06,50.765,0.0044525024
438,54.56,0.017874656,54.66,0.0007688651,49.74,4.3731866e-06,50.91,0.004444227
439,54.7025,0.017816052,54.0025,0.0007668095,49.95,4.3633418e-06,50.86,0.0044393535
440,54.845,0.01779653,53.345,0.00076491106,50.16,4.3628143e-06,50.81,0.004431623
441,54.987500000000004,0.017720962,52.6875,0.000763639,50.37,4.3496084e-06,50.76,0.0044220304
442,55.13,0.017701322,52.03,0.0007617824,50.58,4.3375776e-06,50.71,0.004419087
443,55.290000000000006,0.017654398,52.435,0.00076052273,50.3825,4.332671e-06,50.76,0.0044163405
444,55.45,0.017632429,52.84,0.00075878535,50.185,4.3287123e-06,50.81,0.004409418
445,55.61,0.017562144,53.245,0.00075744244,49.9875,4.3245605e-06,50.86,0.0044071786
446,55.77,0.017556874,53.65,0.0007564374,49.79,4.3140262e-06,50.91,0.0044023194
447,55.885000000000005,0.01750722,53.875,0.00075567927,49.64,4.3049704e-06,50.8425,0.0043919543
448,56.0,0.017503256,54.099999999999994,0.00075357006,49.489999999999995,4.288998e-06,50.775,0.0043865135
449,56.114999999999995,0.017449558,54.324999999999996,0.0007523356,49.339999999999996,4.2835954e-06,50.707499999999996,0.0043845363
450,56.23,0.01744447,54.55,0.00075166085,49.19,4.275044e-06,50.64,0.004375254
451,55.9925,0.01743448,54.0975,0.00075023447,49.387499999999996,4.2676074e-06,50.94,0.0043744156
452,55.754999999999995,0.017406823,53.644999999999996,0.0007495675,49.584999999999994,4.2602232e-06,51.24,0.004367412
453,55.5175,0.01732981,53.1925,0.0007486623,49.7825,4.2541083e-06,51.540000000000006,0.004366732
454,55.28,0.017275203,52.74,0.00074654917,49.98,4.2400707e-06,51.84,0.004359821
455,55.455,0.017258586,52.917500000000004,0.0007461283,49.9925,4.2340816e-06,51.5275,0.0043543004
456,55.629999999999995,0.017239274,53.095,0.0007427675,50.004999999999995,4.225847e-06,51.215,0.004351701
457,55.805,0.017191872,53.2725,0.00074209756,50.0175,4.214676e-06,50.9025,0.0043461933
458,55.98,0.017135577,53.45,0.0007407713,50.03,4.2100123e-06,50.59,0.004340203
459,56.089999999999996,0.01712242,53.400000000000006,0.00073938136,50.1175,4.1997027e-06,50.2475,0.004337413
460,56.2,0.01708911,53.35,0.0007382924,50.205,4.1943563e-06,49.905,0.0043327855
461,56.31,0.01704877,53.3,0.000735959,50.292500000000004,4.1879834e-06,49.5625,0.004328121
462,56.42,0.017030977,53.25,0.000735234,50.38,4.1782123e-06,49.22,0.0043248544
463,56.33,0.016999751,53.215,0.00073478825,50.225,4.1714347e-06,49.3725,0.004321295
464,56.24,0.016959067,53.18,0.0007327581,50.07,4.167299e-06,49.525,0.0043165153
465,56.150000000000006,0.016948272,53.144999999999996,0.0007308713,49.915,4.1640506e-06,49.677499999999995,0.0043089897
466,56.06,0.016903788,53.11,0.0007305179,49.76,4.145902e-06,49.83,0.0043049105
467,56.11,0.016860975,52.6525,0.0007296199,49.765,4.1441676e-06,50.0075,0.004296104
468,56.16,0.016845264,52.195,0.0007277447,49.769999999999996,4.1354956e-06,50.185,0.004294724
469,56.21,0.016818061,51.7375,0.0007268789,49.775,4.1278117e-06,50.3625,0.004292379
470,56.26,0.016793214,51.28,0.0007261367,49.78,4.1176236e-06,50.54,0.0042845192
471,55.9475,0.016751144,51.65,0.00072537485,49.7525,4.1073213e-06,50.7475,0.004281347
472,55.635,0.01670203,52.019999999999996,0.0007237063,49.725,4.105155e-06,50.955,0.0042782403
473,55.3225,0.016674928,52.39,0.00072343275,49.697500000000005,4.0994823e-06,51.162499999999994,0.00426713
474,55.01,0.016628345,52.76,0.00072131515,49.67,4.0935897e-06,51.37,0.004261641
475,55.425,0.016612396,52.412499999999994,0.0007197164,49.682500000000005,4.083666e-06,51.152499999999996,0.004260498
476,55.84,0.016574936,52.065,0.0007183166,49.695,4.0770497e-06,50.935,0.00425163
477,56.255,0.016532721,51.7175,0.00071708567,49.707499999999996,4.066201e-06,50.7175,0.00425023
478,56.67,0.01651424,51.37,0.0007166112,49.72,4.0564664e-06,50.5,0.0042460393
479,56.1375,0.016509732,51.474999999999994,0.0007158205,49.7425,4.054392e-06,50.6,0.004239134
480,55.605000000000004,0.016472092,51.58,0.00071440666,49.765,4.046735e-06,50.7,0.0042325235
481,55.0725,0.016422942,51.685,0.0007129087,49.7875,4.0425048e-06,50.8,0.004225015
482,54.54,0.016393257,51.79,0.00071105396,49.81,4.0373675e-06,50.9,0.004221829
483,54.48,0.016324542,52.129999999999995,0.0007098062,49.9025,4.0268883e-06,50.7975,0.0042183492
484,54.42,0.016314525,52.47,0.0007088755,49.995000000000005,4.0189443e-06,50.695,0.0042135622
485,54.36,0.016298138,52.81,0.0007081566,50.0875,4.0149525e-06,50.5925,0.004209133
486,54.3,0.01625489,53.15,0.0007068131,50.18,4.0113555e-06,50.49,0.004205834
487,54.2425,0.016238648,53.195,0.00070588355,50.275,4.001482e-06,50.5025,0.0041990653
488,54.185,0.016206924,53.239999999999995,0.0007046643,50.370000000000005,3.9936817e-06,50.515,0.0041950345
489,54.1275,0.01618435,53.285,0.0007044307,50.465,3.9856805e-06,50.5275,0.0041928655
490,54.07,0.016117396,53.33,0.0007027255,50.56,3.9788288e-06,50.54,0.0041891816
491,54.185,0.016053656,53.1375,0.0007020614,50.587500000000006,3.969645e-06,50.68,0.0041860533
492,54.3,0.016037604,52.945,0.00070134376,50.615,3.968037e-06,50.82,0.0041758856
493,54.415,0.01598197,52.7525,0.00070086296,50.6425,3.9619295e-06,50.96,0.0041727205
494,54.53,0.015959376,52.56,0.00069962244,50.67,3.9518213e-06,51.1,0.004167508
495,54.557500000000005,0.015936466,52.6025,0.00069880724,50.4225,3.941943e-06,50.910000000000004,0.0041626147
496,54.585,0.015902938,52.644999999999996,0.00069752435,50.175,3.9389106e-06,50.72,0.0041596526
497,54.6125,0.015879208,52.6875,0.00069645006,49.9275,3.93363e-06,50.53,0.0041533886
498,54.64,0.015872112,52.73,0.00069596915,49.68,3.9225624e-06,50.34,0.00414932
499,54.42,0.015823627,52.912499999999994,0.0006949999,49.815,3.918304e-06,50.620000000000005,0.0041439426
500,54.2,0.015789181,53.095,0.00069363794,49.95,3.9144043e-06,50.900000000000006,0.0041391253
501,53.98,0.01573871,53.2775,0.0006932382,50.085,3.9061015e-06,51.18,0.0041376725
502,53.76,0.015705701,53.46,0.0006920891,50.22,3.9004467e-06,51.46,0.0041326685
503,54.21,0.015653282,53.35,0.00068925857,50.075,3.8960015e-06,51.285,0.0041270745
504,54.66,0.015634628,53.24,0.00068898953,49.93,3.8928574e-06,51.11,0.0041244165
505,55.11,0.015608694,53.13,0.0006882496,49.785,3.8845033e-06,50.935,0.0041222405
506,55.56,0.015590728,53.02,0.00068697176,49.64,3.8810085e-06,50.76,0.0041159373
507,55.45,0.015554454,53.0375,0.00068511564,49.667500000000004,3.8757826e-06,50.79,0.0041121263
508,55.34,0.01554969,53.05500000000001,0.0006839592,49.695,3.8676935e-06,50.82,0.004108111
509,55.23,0.015516675,53.072500000000005,0.00068261434,49.7225,3.8644735e-06,50.85,0.0040991693
510,55.12,0.015462747,53.09,0.0006823703,49.75,3.858959e-06,50.88,0.00409605
511,55.055,0.015424473,53.040000000000006,0.0006813357,49.9275,3.845635e-06,50.835,0.0040901583
512,54.989999999999995,0.015393985,52.99,0.00068018324,50.105000000000004,3.8411854e-06,50.790000000000006,0.004086865
513,54.925,0.015388289,52.94,0.00067924283,50.2825,3.831941e-06,50.745000000000005,0.004084537
514,54.86,0.015362394,52.89,0.0006785587,50.46,3.8296885e-06,50.7,0.004080753
515,54.225,0.015320647,52.995000000000005,0.0006776886,50.465,3.8288e-06,50.550000000000004,0.0040698196
516,53.59,0.015308545,53.1,0.0006772174,50.47,3.823872e-06,50.400000000000006,0.0040688138
517,52.955,0.015282728,53.205,0.0006756185,50.474999999999994,3.82314e-06,50.25,0.004067713
518,52.32,0.015257629,53.31,0.0006749174,50.48,3.8064181e-06,50.1,0.0040571294
519,52.595,0.015224061,53.18,0.00067266024,50.565,3.801591e-06,50.2275,0.0040562297
520,52.870000000000005,0.015166881,53.05,0.00067228137,50.65,3.79484e-06,50.355000000000004,0.00405109
521,53.145,0.015143042,52.92,0.0006717696,50.735,3.793204e-06,50.4825,0.0040480336
522,53.42,0.015113791,52.79,0.00067123014,50.82,3.7845537e-06,50.61,0.004041083
523,53.6925,0.015073709,52.66,0.00066958833,50.5925,3.777237e-06,50.6225,0.0040340363
524,53.965,0.015052236,52.53,0.00066906604,50.364999999999995,3.7708207e-06,50.635,0.0040324354
525,54.2375,0.015026824,52.400000000000006,0.00066802965,50.137499999999996,3.7679874e-06,50.647499999999994,0.0040226667
526,54.51,0.014992425,52.27,0.0006659421,49.91,3.7656139e-06,50.66,0.004020204
527,54.412499999999994,0.014969248,52.602500000000006,0.0006650577,50.18,3.7573059e-06,50.5875,0.004016673
528,54.315,0.014920692,52.935,0.0006642419,50.45,3.7514e-06,50.515,0.004012602
529,54.2175,0.014865619,53.2675,0.0006636596,50.72,3.7384875e-06,50.442499999999995,0.004010751
530,54.12,0.014844549,53.6,0.00066303037,50.99,3.7334887e-06,50.37,0.0040021646
531,53.885,0.014831294,53.4025,0.00066190277,50.7475,3.729655e-06,50.23,0.004001385
532,53.65,0.01480297,53.205,0.00066163216,50.505,3.7246307e-06,50.09,0.0039953017
533,53.415,0.014759097,53.0075,0.0006608117,50.2625,3.720659e-06,49.95,0.0039923456
534,53.18,0.014754634,52.81,0.0006601248,50.02,3.7153884e-06,49.81,0.0039843386
535,53.015,0.01467885,52.945,0.00065912574,50.175000000000004,3.7089299e-06,50.0125,0.003982249
536,52.85,0.014664084,53.08,0.0006586728,50.33,3.6982697e-06,50.215,0.003976482
537,52.685,0.014650957,53.215,0.00065748877,50.485,3.6971671e-06,50.4175,0.003971257
538,52.52,0.0145962,53.35,0.0006558051,50.64,3.6938623e-06,50.62,0.003969173
539,53.14,0.0145653915,53.29,0.00065509725,50.47,3.679153e-06,50.295,0.0039667357
540,53.760000000000005,0.014557984,53.230000000000004,0.00065473444,50.3,3.676784e-06,49.97,0.003963228
541,54.38,0.014509644,53.17,0.0006524496,50.13,3.6752288e-06,49.644999999999996,0.003957731
542,55.0,0.014489679,53.11,0.0006521722,49.96,3.6642157e-06,49.32,0.0039514187
543,55.26,0.014452571,53.042500000000004,0.00065147015,49.9775,3.656035e-06,49.705,0.0039503477
544,55.519999999999996,0.014435923,52.975,0.000650007,49.995000000000005,3.6539136e-06,50.09,0.0039465586
545,55.78,0.01440697,52.9075,0.00064913643,50.0125,3.650328e-06,50.475,0.0039450554
546,56.04,0.014372183,52.84,0.00064807327,50.03,3.6454996e-06,50.86,0.003931763
547,55.5725,0.014339713,52.9075,0.00064785866,49.905,3.6403221e-06,50.93,0.003927784
548,55.105000000000004,0.0143088065,52.975,0.00064664375,49.78,3.627801e-06,51.0,0.0039265756
549,54.6375,0.014287491,53.042500000000004,0.0006456778,49.655,3.625774e-06,51.07,0.0039173122
550,54.17,0.014263821,53.11,0.0006442214,49.53,3.6172542e-06,51.14,0.0039119264
551,54.1575,0.014218237,52.9325,0.0006434594,49.7275,3.6159784e-06,50.8375,0.003909436
552,54.144999999999996,0.01420034,52.754999999999995,0.00064260873,49.925,3.6071538e-06,50.535,0.0039051024
553,54.1325,0.014176759,52.5775,0.00064212503,50.1225,3.6023857e-06,50.2325,0.003901554
554,54.12,0.014124202,52.4,0.000640357,50.32,3.6013344e-06,49.93,0.0039001964
555,54.18,0.014110393,52.707499999999996,0.0006399051,50.182500000000005,3.5935595e-06,49.8825,0.003895543
556,54.239999999999995,0.01410767,53.015,0.0006397944,50.045,3.5843505e-06,49.835,0.0038929926
557,54.3,0.014077983,53.322500000000005,0.0006386098,49.9075,3.58075e-06,49.7875,0.003889255
558,54.36,0.014047406,53.63,0.0006374363,49.77,3.5730886e-06,49.74,0.003885866
559,54.394999999999996,0.013998922,52.870000000000005,0.00063704,49.910000000000004,3.5707042e-06,49.885000000000005,0.0038829958
560,54.43,0.0139691755,52.11,0.0006354894,50.05,3.5648673e-06,50.03,0.0038742418
561,54.465,0.013945567,51.35,0.00063499366,50.19,3.5570997e-06,50.175,0.0038688257
562,54.5,0.013933659,50.59,0.00063389353,50.33,3.5545722e-06,50.32,0.0038669081
563,54.21,0.013916498,51.2575,0.0006328641,50.345,3.5507885e-06,50.255,0.0038613072
564,53.92,0.013896811,51.925,0.0006322229,50.36,3.544055e-06,50.19,0.0038583488
565,53.63,0.013865452,52.5925,0.0006320418,50.375,3.5391015e-06,50.125,0.003853813
566,53.34,0.013834089,53.26,0.0006312233,50.39,3.5327762e-06,50.06,0.0038479033
567,53.22,0.013804889,53.162499999999994,0.00063046726,50.2425,3.5313012e-06,50.1775,0.00384296
568,53.1,0.0137772225,53.065,0.0006292918,50.095,3.529042e-06,50.295,0.0038379005
569,52.980000000000004,0.013748086,52.9675,0.0006288015,49.9475,3.5192938e-06,50.4125,0.0038372763
570,52.86,0.013730665,52.87,0.0006282624,49.8,3.5120959e-06,50.53,0.0038335498
571,53.065,0.013697156,52.7675,0.0006274806,50.0,3.5061632e-06,50.3775,0.0038248855
572,53.269999999999996,0.01368495,52.665,0.0006264948,50.2,3.5018393e-06,50.225,0.0038209416
573,53.475,0.013660743,52.5625,0.00062562356,50.4,3.4982402e-06,50.072500000000005,0.0038155862
574,53.68,0.013637133,52.46,0.0006250848,50.6,3.496216e-06,49.92,0.0038143753
575,53.7275,0.013610856,52.045,0.0006236623,50.67,3.488293e-06,50.1525,0.0038110246
576,53.775,0.013564058,51.629999999999995,0.0006233691,50.74,3.4813725e-06,50.385000000000005,0.0038065312
577,53.8225,0.013555074,51.214999999999996,0.000621688,50.81,3.4749291e-06,50.6175,0.0038000245
578,53.87,0.013532971,50.8,0.0006212984,50.88,3.4690156e-06,50.85,0.0037936633
579,53.724999999999994,0.013517404,51.16,0.00062012026,50.7,3.4641305e-06,50.7,0.0037877024
580,53.58,0.013491163,51.519999999999996,0.00061954086,50.519999999999996,3.4623163e-06,50.55,0.0037873897
581,53.435,0.01344823,51.88,0.00061875174,50.339999999999996,3.4539555e-06,50.4,0.0037804274
582,53.29,0.013442863,52.24,0.000617286,50.16,3.4478248e-06,50.25,0.0037779813
583,53.22,0.013409303,52.3875,0.0006168315,50.285,3.44318e-06,50.4,0.0037718085
584,53.15,0.013363637,52.535,0.0006161474,50.41,3.4401767e-06,50.55,0.0037680145
585,53.08,0.013358227,52.6825,0.0006147751,50.535,3.4383847e-06,50.7,0.0037664708
586,53.01,0.013349426,52.83,0.00061434694,50.66,3.4257675e-06,50.85,0.0037615832
587,52.8975,0.013322754,52.805,0.00061357947,50.349999999999994,3.4219458e-06,50.9925,0.003758203
588,52.785,0.013303432,52.78,0.0006128463,50.04,3.4167394e-06,51.135000000000005,0.0037575208
589,52.6725,0.013265604,52.754999999999995,0.0006118165,49.730000000000004,3.4130237e-06,51.2775,0.0037492819
590,52.56,0.013241037,52.73,0.0006108448,49.42,3.405472e-06,51.42,0.0037470611
591,52.53,0.013227794,52.795,0.00061009225,49.55,3.4041568e-06,51.2375,0.003742264
592,52.5,0.013207356,52.86,0.00060929975,49.68,3.4019436e-06,51.055,0.0037399319
593,52.47,0.013165129,52.925,0.0006082607,49.81,3.3988563e-06,50.8725,0.0037384473
594,52.44,0.013124219,52.99,0.0006074551,49.94,3.3909453e-06,50.69,0.0037280452
595,52.2475,0.013109059,53.0125,0.00060673,49.735,3.387885e-06,50.412499999999994,0.0037275455
596,52.055,0.013080698,53.035,0.0006060229,49.53,3.3795263e-06,50.135,0.0037228449
597,51.8625,0.013077579,53.0575,0.0006054749,49.324999999999996,3.3762717e-06,49.8575,0.003718619
598,51.67,0.0130618,53.08,0.00060517713,49.12,3.3662568e-06,49.58,0.0037140006
599,52.315,0.013038031,52.902499999999996,0.0006031623,49.442499999999995,3.3599542e-06,49.6675,0.0037073155
600,52.96,0.012982787,52.724999999999994,0.0006029628,49.765,3.355591e-06,49.754999999999995,0.0037021507
601,53.605000000000004,0.012953942,52.5475,0.00060253486,50.0875,3.3526878e-06,49.8425,0.0037010459
602,54.25,0.012933101,52.37,0.0006010721,50.41,3.350143e-06,49.93,0.0036936076
603,54.0375,0.012902089,52.515,0.00060082483,50.272499999999994,3.3435276e-06,50.17,0.0036898663
604,53.825,0.012882055,52.66,0.000599863,50.135,3.3408087e-06,50.41,0.003686529
605,53.6125,0.012845946,52.805,0.00059908535,49.9975,3.3362824e-06,50.65,0.0036851764
606,53.4,0.012832904,52.95,0.00059807283,49.86,3.3306944e-06,50.89,0.0036827894
607,53.12,0.012826866,52.8325,0.0005973175,50.019999999999996,3.3249726e-06,50.807500000000005,0.0036735688
608,52.84,0.0127612045,52.715,0.00059630105,50.18,3.3231638e-06,50.725,0.0036685062
609,52.56,0.012758013,52.5975,0.00059593096,50.34,3.3151089e-06,50.6425,0.0036651492
610,52.28,0.012741242,52.48,0.00059498777,50.5,3.3117092e-06,50.56,0.0036619226
611,52.245000000000005,0.012722642,52.36,0.0005948981,50.275,3.306763e-06,50.645,0.003653334
612,52.21,0.012679689,52.239999999999995,0.0005934917,50.05,3.302929e-06,50.730000000000004,0.0036510173
613,52.175,0.0126621425,52.12,0.0005928625,49.825,3.2931641e-06,50.815,0.0036451416
614,52.14,0.012634377,52.0,0.00059171516,49.6,3.2880037e-06,50.9,0.0036441863
615,52.26,0.012575677,51.9925,0.0005912812,49.660000000000004,3.2870137e-06,50.9075,0.003639658
616,52.379999999999995,0.012558723,51.985,0.0005901514,49.72,3.2826047e-06,50.915,0.0036340372
617,52.5,0.012554452,51.9775,0.00058980397,49.78,3.2741086e-06,50.9225,0.003628633
618,52.62,0.012517039,51.97,0.00058878347,49.84,3.2730359e-06,50.93,0.0036267508
619,52.8625,0.012492985,51.9825,0.0005880437,49.99,3.269342e-06,50.7125,0.0036229142
620,53.105000000000004,0.012466435,51.995000000000005,0.0005868767,50.14,3.2627188e-06,50.495000000000005,0.003612704
621,53.347500000000004,0.012444995,52.0075,0.00058661296,50.29,3.254956e-06,50.2775,0.0036095898
622,53.59,0.01240146,52.02,0.00058577943,50.44,3.2548462e-06,50.06,0.0036070433
623,53.377500000000005,0.0123611055,52.167500000000004,0.0005851001,50.345,3.2497733e-06,50.1775,0.0036057152
624,53.165000000000006,0.012350599,52.315,0.00058454304,50.25,3.2454286e-06,50.295,0.0036017473
625,52.9525,0.012321644,52.4625,0.0005831909,50.155,3.2451705e-06,50.4125,0.0035973212
626,52.74,0.012299784,52.61,0.0005830899,50.06,3.2373566e-06,50.53,0.003592561
627,52.74,0.012294375,52.31,0.0005816714,50.095,3.235094e-06,50.49,0.003590265
628,52.74,0.0122510195,52.01,0.00058134226,50.13,3.232634e-06,50.45,0.0035863877
629,52.74,0.012245598,51.709999999999994,0.00058032095,50.165000000000006,3.2304074e-06,50.41,0.0035838971
630,52.74,0.012190887,51.41,0.0005800494,50.2,3.223898e-06,50.37,0.0035778687
631,52.6425,0.012183296,51.6875,0.00057865365,49.987500000000004,3.2116584e-06,50.1325,0.003571999
632,52.545,0.012167006,51.965,0.000577917,49.775000000000006,3.20446e-06,49.894999999999996,0.003569945
633,52.447500000000005,0.012144072,52.2425,0.00057736394,49.5625,3.1988245e-06,49.6575,0.0035656847
634,52.35,0.012110075,52.52,0.00057620497,49.35,3.197491e-06,49.42,0.0035641624
635,52.5075,0.012066133,52.3825,0.0005759679,49.435,3.193185e-06,49.4875,0.0035556743
636,52.665,0.012016702,52.245000000000005,0.00057499734,49.519999999999996,3.1884438e-06,49.555,0.0035506005
637,52.8225,0.012005433,52.1075,0.000573926,49.605,3.181766e-06,49.6225,0.0035464617
638,52.98,0.011962506,51.97,0.0005726939,49.69,3.1794016e-06,49.69,0.0035440915
639,52.9675,0.011953361,51.855,0.0005723958,49.754999999999995,3.1711518e-06,49.6875,0.003542406
640,52.955,0.011933015,51.739999999999995,0.0005715122,49.82,3.1655795e-06,49.685,0.0035395822
641,52.942499999999995,0.011886693,51.625,0.0005710849,49.885000000000005,3.162211e-06,49.6825,0.0035383205
642,52.93,0.011854673,51.51,0.00057050766,49.95,3.1612053e-06,49.68,0.003534177
643,52.7775,0.011845761,51.614999999999995,0.0005697998,50.17,3.1526665e-06,49.9525,0.0035313468
644,52.625,0.011810374,51.72,0.0005694364,50.39,3.1458812e-06,50.225,0.0035215544
645,52.4725,0.011796851,51.825,0.00056865637,50.61,3.1428012e-06,50.4975,0.0035186377
646,52.32,0.011768196,51.93,0.0005675005,50.83,3.1412217e-06,50.77,0.003512578
647,52.3375,0.011748618,51.865,0.00056641817,50.55,3.137434e-06,50.59,0.0035086516
648,52.355000000000004,0.0117164785,51.8,0.0005656234,50.269999999999996,3.1323984e-06,50.41,0.003504115
649,52.3725,0.01169449,51.735,0.00056530006,49.99,3.1297168e-06,50.23,0.0034994928
650,52.39,0.011656017,51.67,0.00056434347,49.71,3.1254017e-06,50.05,0.003495789
651,52.480000000000004,0.011606493,51.620000000000005,0.00056322006,49.76,3.1206578e-06,50.3,0.0034923514
652,52.57,0.011604847,51.57,0.000562663,49.81,3.1108232e-06,50.55,0.0034860258
653,52.66,0.011586446,51.519999999999996,0.0005619629,49.86,3.1073682e-06,50.8,0.0034829506
654,52.75,0.011559177,51.47,0.00056123786,49.91,3.1054747e-06,51.05,0.0034779026
655,52.865,0.011554263,51.5325,0.0005602045,50.067499999999995,3.0988479e-06,50.9225,0.0034762814
656,52.980000000000004,0.011510591,51.595,0.0005597666,50.224999999999994,3.0955318e-06,50.795,0.0034695966
657,53.095,0.01147385,51.6575,0.00055888935,50.3825,3.0895485e-06,50.6675,0.0034662571
658,53.21,0.011464743,51.72,0.00055777776,50.54,3.0866995e-06,50.54,0.0034658674
659,53.1425,0.011448224,51.7125,0.00055755116,50.5425,3.0855367e-06,50.46,0.0034577576
660,53.075,0.011421565,51.705,0.000557242,50.545,3.0811268e-06,50.379999999999995,0.0034553173
661,53.0075,0.011397967,51.6975,0.0005562292,50.5475,3.0769775e-06,50.3,0.0034506565
662,52.94,0.011360496,51.69,0.00055590185,50.55,3.0737785e-06,50.22,0.0034452665
663,52.762499999999996,0.011327948,51.7925,0.000555066,50.324999999999996,3.0685167e-06,50.082499999999996,0.0034395785
664,52.584999999999994,0.01129742,51.894999999999996,0.00055403094,50.099999999999994,3.0595982e-06,49.945,0.0034344685
665,52.4075,0.011264979,51.9975,0.00055339205,49.875,3.0556573e-06,49.807500000000005,0.0034310163
666,52.23,0.011226037,52.1,0.0005527994,49.65,3.051972e-06,49.67,0.0034293476
667,52.055,0.011208287,51.9975,0.00055251684,49.9475,3.0510853e-06,49.795,0.003422891
668,51.879999999999995,0.011191569,51.894999999999996,0.0005510801,50.245000000000005,3.0457427e-06,49.92,0.003421152
669,51.705,0.011169833,51.7925,0.00055051944,50.542500000000004,3.0382096e-06,50.045,0.003417182
670,51.53,0.011125346,51.69,0.0005498266,50.84,3.034867e-06,50.17,0.0034116579
671,51.71,0.011107169,51.26,0.0005492967,50.7625,3.0279634e-06,50.205,0.0034088872
672,51.89,0.011082186,50.83,0.00054869265,50.685,3.0259682e-06,50.24,0.0034030918
673,52.07,0.011060452,50.4,0.0005483052,50.6075,3.021222e-06,50.275000000000006,0.0033997698
674,52.25,0.011029894,49.97,0.0005478095,50.53,3.0161925e-06,50.31,0.0033968233
675,52.3025,0.0110145155,50.442499999999995,0.0005472237,50.315,3.0100941e-06,50.415,0.003390287
676,52.355000000000004,0.01095447,50.915,0.0005463416,50.1,3.0080573e-06,50.519999999999996,0.003386653
677,52.4075,0.010936794,51.3875,0.0005454141,49.885000000000005,3.0067545e-06,50.625,0.003385072
678,52.46,0.010917153,51.86,0.00054504577,49.67,2.9972325e-06,50.73,0.0033788804
679,52.46,0.010906293,51.8125,0.00054318766,49.5075,2.9932883e-06,50.599999999999994,0.0033756045
680,52.46,0.010870375,51.765,0.0005423164,49.345,2.9899918e-06,50.47,0.003373316
681,52.46,0.010792435,51.7175,0.0005419666,49.182500000000005,2.9855635e-06,50.34,0.0033656114
682,52.46,0.010778432,51.67,0.00054099347,49.02,2.981701e-06,50.21,0.0033639688
683,52.265,0.010762051,51.8275,0.00054012454,49.2625,2.979465e-06,50.1625,0.0033614542
684,52.07,0.010749626,51.985,0.00053992885,49.505,2.9792766e-06,50.115,0.0033581196
685,51.875,0.010690984,52.1425,0.0005396643,49.7475,2.9728947e-06,50.0675,0.0033560193
686,51.68,0.010679374,52.3,0.0005389158,49.99,2.971074e-06,50.02,0.0033533534
687,51.7,0.010643454,52.305,0.00053791684,49.845,2.9661137e-06,50.475,0.0033483985
688,51.72,0.01062484,52.31,0.00053707254,49.7,2.9593887e-06,50.93000000000001,0.0033448923
689,51.739999999999995,0.010609165,52.315,0.0005368111,49.555,2.9560597e-06,51.385000000000005,0.0033411072
690,51.76,0.010585102,52.32,0.00053607835,49.41,2.9544415e-06,51.84,0.0033357192
691,51.8225,0.010534971,52.0875,0.0005351269,49.66,2.9509852e-06,51.53,0.0033289515
692,51.885,0.010501668,51.855000000000004,0.0005339696,49.91,2.9486794e-06,51.22,0.003327459
693,51.9475,0.010488624,51.6225,0.00053350884,50.16,2.9448095e-06,50.910000000000004,0.0033237273
694,52.01,0.0104732,51.39,0.00053250813,50.41,2.9426428e-06,50.6,0.0033190527
695,51.927499999999995,0.010420613,51.105000000000004,0.0005323098,50.245,2.940774e-06,50.6125,0.003318141
696,51.845,0.010396992,50.82,0.00053160964,50.08,2.929316e-06,50.625,0.0033117658
697,51.7625,0.010358375,50.535,0.0005310884,49.915,2.9248054e-06,50.6375,0.0033072792
698,51.68,0.01035523,50.25,0.00053090346,49.75,2.923051e-06,50.65,0.0033013788
699,51.775,0.010325143,50.375,0.00053052657,49.875,2.9157454e-06,50.605,0.003297331
700,51.870000000000005,0.0103010805,50.5,0.00052819017,50.0,2.9136868e-06,50.56,0.003293214
701,51.965,0.010281474,50.625,0.0005272683,50.125,2.906438e-06,50.515,0.0032905242
702,52.06,0.010244061,50.75,0.0005271886,50.25,2.9046819e-06,50.47,0.0032846876
703,52.0025,0.010220779,51.2275,0.0005269143,50.2275,2.8984227e-06,50.45,0.003281626
704,51.945,0.010200597,51.705,0.00052633474,50.205,2.8928341e-06,50.43,0.003277068
705,51.8875,0.01015459,52.1825,0.0005259876,50.1825,2.8904244e-06,50.41,0.0032768303
706,51.83,0.010125691,52.66,0.0005253537,50.16,2.886671e-06,50.39,0.003268593
707,51.974999999999994,0.010102153,52.5475,0.0005245102,50.207499999999996,2.8853349e-06,50.2625,0.003267804
708,52.12,0.010087956,52.435,0.00052371225,50.254999999999995,2.8785282e-06,50.135000000000005,0.003264034
709,52.265,0.010053055,52.3225,0.00052331307,50.3025,2.8737963e-06,50.0075,0.0032575408
710,52.41,0.010046577,52.21,0.00052148587,50.35,2.8719662e-06,49.88,0.0032538422
711,52.504999999999995,0.010016349,52.06,0.0005206877,50.2525,2.8630118e-06,49.847500000000004,0.0032504266
712,52.599999999999994,0.009955984,51.91,0.0005199578,50.155,2.8572301e-06,49.815,0.003247291
713,52.695,0.009953726,51.76,0.00051918486,50.057500000000005,2.8543946e-06,49.7825,0.0032470624
714,52.79,0.009926573,51.61,0.00051826215,49.96,2.8527595e-06,49.75,0.0032420338
715,52.6575,0.009923551,51.76,0.0005176262,49.925,2.850911e-06,49.9625,0.0032411492
716,52.525,0.009883176,51.91,0.0005167854,49.89,2.8420823e-06,50.175,0.0032354477
717,52.3925,0.009853935,52.06,0.0005161001,49.855000000000004,2.8397506e-06,50.3875,0.003233734
718,52.26,0.009842615,52.21,0.0005158544,49.82,2.8381094e-06,50.6,0.0032298795
719,51.945,0.009811681,52.1975,0.00051515,49.76,2.835529e-06,50.465,0.003224398
720,51.629999999999995,0.009794099,52.185,0.0005146641,49.7,2.8330355e-06,50.33,0.0032218546
721,51.315,0.009770726,52.1725,0.0005140795,49.64,2.822671e-06,50.195,0.0032142638
722,51.0,0.009745984,52.16,0.0005127996,49.58,2.8189656e-06,50.06,0.003213595
723,51.335,0.009706483,52.305,0.0005122718,49.6175,2.8150198e-06,50.050000000000004,0.0032069986
724,51.67,0.0096879015,52.45,0.00051201164,49.655,2.8134343e-06,50.040000000000006,0.003202766
725,52.005,0.00965692,52.595,0.0005104553,49.692499999999995,2.807376e-06,50.03,0.00319878
726,52.34,0.009638567,52.74,0.00051024306,49.73,2.805429e-06,50.02,0.00319399
727,52.295,0.009615629,52.415,0.0005091911,49.949999999999996,2.802536e-06,50.03,0.0031912872
728,52.25,0.009613443,52.09,0.0005086729,50.17,2.7977424e-06,50.040000000000006,0.0031854208
729,52.205,0.009606376,51.765,0.00050804135,50.39,2.7917963e-06,50.050000000000004,0.0031846103
730,52.16,0.009586003,51.44,0.0005075071,50.61,2.790321e-06,50.06,0.0031830277
731,51.894999999999996,0.009544609,51.442499999999995,0.000506736,50.295,2.7858646e-06,50.18,0.003176516
732,51.629999999999995,0.009517796,51.445,0.0005062534,49.980000000000004,2.7788656e-06,50.3,0.0031754856
733,51.365,0.009497301,51.447500000000005,0.0005060507,49.665,2.7755243e-06,50.42,0.0031690926
734,51.1,0.009494082,51.45,0.0005048465,49.35,2.7734648e-06,50.54,0.0031652045
735,51.1525,0.009462204,50.9925,0.00050422,49.63,2.766357e-06,50.379999999999995,0.0031606785
736,51.205,0.009433406,50.535,0.00050303456,49.91,2.7603096e-06,50.22,0.003155794
737,51.2575,0.009402324,50.0775,0.0005024937,50.19,2.7592098e-06,50.06,0.0031520468
738,51.31,0.009394236,49.62,0.0005023699,50.47,2.7541093e-06,49.9,0.0031472496
739,51.3425,0.009379206,50.095,0.00050137524,50.4,2.752504e-06,50.027499999999996,0.0031419448
740,51.375,0.009360296,50.57,0.00050088007,50.33,2.7501737e-06,50.155,0.003136873
741,51.4075,0.009350067,51.045,0.0004998088,50.26,2.7442877e-06,50.2825,0.0031329556
742,51.44,0.009325337,51.52,0.00049934315,50.19,2.7398135e-06,50.41,0.0031282431
743,51.37,0.009304104,51.7,0.00049891527,50.415,2.736725e-06,50.38249999999999,0.0031256042
744,51.3,0.009278401,51.88,0.00049818406,50.64,2.7326316e-06,50.355,0.0031225432
745,51.23,0.009262398,52.06,0.000497663,50.865,2.7278431e-06,50.3275,0.0031205006
746,51.16,0.009229012,52.24,0.0004971439,51.09,2.7257356e-06,50.3,0.0031158582
747,51.175,0.009213578,52.295,0.0004962062,50.730000000000004,2.7207795e-06,50.137499999999996,0.003113548
748,51.19,0.009184807,52.35,0.00049561734,50.370000000000005,2.7152405e-06,49.974999999999994,0.0031119601
749,51.205,0.009168867,52.405,0.0004949679,50.01,2.7139386e-06,49.8125,0.0031059089
750,51.22,0.0091548,52.46,0.0004935656,49.65,2.7083486e-06,49.65,0.0031026353
751,51.5175,0.009132443,52.195,0.00049305754,49.7225,2.7037024e-06,49.635,0.003098441
752,51.815,0.0091165695,51.93,0.0004924386,49.795,2.7002802e-06,49.620000000000005,0.0030945365
753,52.1125,0.009111759,51.665,0.0004916625,49.8675,2.6969892e-06,49.605000000000004,0.0030933165
754,52.41,0.009086867,51.4,0.00049133727,49.94,2.688087e-06,49.59,0.003085944
755,52.144999999999996,0.009065588,51.4775,0.00048994675,49.879999999999995,2.6858095e-06,49.862500000000004,0.0030834507
756,51.879999999999995,0.00902194,51.555,0.00048938766,49.82,2.6826176e-06,50.135000000000005,0.0030800754
757,51.615,0.009011191,51.6325,0.00048929325,49.760000000000005,2.6783453e-06,50.4075,0.0030752104
758,51.35,0.008988378,51.71,0.0004889122,49.7,2.6747334e-06,50.68,0.003069448
759,51.38,0.008983592,51.675,0.0004884479,49.7975,2.6726386e-06,50.525,0.0030686916
760,51.41,0.0089735035,51.64,0.0004877189,49.895,2.665838e-06,50.370000000000005,0.0030645085
761,51.44,0.008929551,51.605000000000004,0.00048735028,49.99250000000001,2.6638145e-06,50.215,0.0030617712
762,51.47,0.008918395,51.57,0.00048627678,50.09,2.6609252e-06,50.06,0.0030580144
763,51.41,0.008892008,51.7675,0.00048613086,50.24250000000001,2.6534624e-06,50.39,0.003051402
764,51.349999999999994,0.008872179,51.965,0.00048557125,50.395,2.6510252e-06,50.72,0.0030479226
765,51.29,0.008840354,52.1625,0.0004842245,50.5475,2.6498708e-06,51.050000000000004,0.0030420818
766,51.23,0.0088230055,52.36,0.00048384012,50.7,2.6440912e-06,51.38,0.0030371866
767,51.285,0.008818932,51.8825,0.00048304853,50.335,2.6405844e-06,51.182500000000005,0.003036132
768,51.34,0.008793568,51.405,0.00048270682,49.97,2.636156e-06,50.985,0.0030277031
769,51.395,0.008760821,50.9275,0.00048226042,49.605000000000004,2.6353516e-06,50.7875,0.0030267534
770,51.45,0.008739602,50.45,0.00048057342,49.24,2.6311607e-06,50.59,0.0030234316
771,51.182500000000005,0.008729762,50.597500000000004,0.0004803336,49.38,2.6248906e-06,50.5525,0.003021602
772,50.915000000000006,0.008697495,50.745000000000005,0.00047929672,49.519999999999996,2.6215275e-06,50.515,0.0030171552
773,50.6475,0.008679045,50.8925,0.00047865906,49.66,2.6161213e-06,50.4775,0.0030095575
774,50.38,0.008671946,51.04,0.00047852815,49.8,2.6148552e-06,50.44,0.0030051423
775,50.722500000000004,0.008648381,51.24,0.00047805518,49.8475,2.6119687e-06,50.43,0.0029998377
776,51.065,0.0086106,51.44,0.0004778598,49.894999999999996,2.6048403e-06,50.42,0.002994039
777,51.4075,0.008595735,51.64,0.00047647825,49.9425,2.6030466e-06,50.41,0.0029902922
778,51.75,0.008584598,51.84,0.00047509215,49.99,2.597775e-06,50.4,0.002987148
779,51.61,0.008551058,51.995000000000005,0.0004747074,50.2575,2.5933755e-06,50.4475,0.0029841613
780,51.47,0.008536958,52.150000000000006,0.0004744896,50.525000000000006,2.5878865e-06,50.495000000000005,0.0029808898
781,51.33,0.008518659,52.305,0.00047317724,50.792500000000004,2.585563e-06,50.542500000000004,0.0029754385
782,51.19,0.008508115,52.46,0.0004726709,51.06,2.5808827e-06,50.59,0.0029721523
783,51.095,0.008469326,52.3,0.00047179763,50.85,2.5782356e-06,50.6575,0.0029694994
784,51.0,0.0084393,52.14,0.0004714202,50.64,2.5704198e-06,50.725,0.0029662421
785,50.905,0.008429067,51.980000000000004,0.0004707041,50.43,2.5697655e-06,50.792500000000004,0.002963733
786,50.81,0.008399493,51.82,0.00047018292,50.22,2.5683296e-06,50.86,0.0029573392
787,50.6175,0.008370011,51.8125,0.00046949147,50.125,2.562324e-06,50.8625,0.0029545354
788,50.425,0.008362063,51.805,0.00046939868,50.03,2.5597947e-06,50.864999999999995,0.0029477703
789,50.2325,0.008360505,51.7975,0.00046838555,49.935,2.5564798e-06,50.8675,0.0029429724
790,50.04,0.0083145555,51.79,0.0004678707,49.84,2.5545546e-06,50.87,0.0029394121
791,50.345,0.008299236,51.692499999999995,0.00046745277,49.83,2.5488707e-06,50.9075,0.0029372526
792,50.65,0.008283685,51.595,0.000466355,49.82,2.545112e-06,50.945,0.002934994
793,50.955,0.008246503,51.4975,0.00046611385,49.81,2.5421111e-06,50.9825,0.0029288235
794,51.26,0.00823115,51.4,0.0004652975,49.8,2.5388879e-06,51.02,0.002926523
795,51.2475,0.008180503,51.57,0.00046470825,50.04,2.5358072e-06,50.895,0.0029221647
796,51.235,0.008160169,51.739999999999995,0.00046275754,50.28,2.531955e-06,50.77,0.0029205391
797,51.2225,0.008136726,51.91,0.00046196475,50.519999999999996,2.5317659e-06,50.645,0.0029100317
798,51.21,0.008118054,52.08,0.00046181222,50.76,2.5262723e-06,50.52,0.002905184
799,51.0675,0.008071077,52.0325,0.00046107543,50.427499999999995,2.5194684e-06,50.675000000000004,0.0029011124
800,50.925,0.008048806,51.985,0.00045971447,50.095,2.5138763e-06,50.83,0.0028991397
801,50.7825,0.008036454,51.9375,0.00045952474,49.7625,2.512969e-06,50.985,0.002895589
802,50.64,0.007968834,51.89,0.0004588782,49.43,2.5088757e-06,51.14,0.0028924088
803,50.8975,0.007958143,51.835,0.00045821827,49.4825,2.5069821e-06,50.8275,0.002889146
804,51.155,0.0079254145,51.78,0.00045808032,49.535,2.5001973e-06,50.515,0.0028860306
805,51.4125,0.007894804,51.725,0.00045762834,49.5875,2.4992316e-06,50.2025,0.002884792
806,51.67,0.007860761,51.67,0.00045629972,49.64,2.4947833e-06,49.89,0.0028789965
807,51.57,0.007819133,51.685,0.00045490373,49.6475,2.4907301e-06,50.08,0.002871553
808,51.47,0.0078025307,51.7,0.00045419985,49.655,2.4856854e-06,50.269999999999996,0.0028686582
809,51.370000000000005,0.0077830064,51.714999999999996,0.00045404685,49.6625,2.480944e-06,50.46,0.002864406
810,51.27,0.007776847,51.73,0.0004531017,49.67,2.4800531e-06,50.65,0.0028597221
811,51.065000000000005,0.007748762,51.677499999999995,0.00045187998,49.8025,2.4730477e-06,50.6725,0.0028548054
812,50.86,0.0077410988,51.625,0.00045166243,49.935,2.4692886e-06,50.695,0.0028516056
813,50.655,0.0077213813,51.572500000000005,0.00045090972,50.0675,2.4652911e-06,50.7175,0.0028489088
814,50.45,0.007691894,51.52,0.00045029222,50.2,2.4628869e-06,50.74,0.0028456296
815,50.8575,0.0076695704,51.7025,0.0004497797,50.212500000000006,2.460819e-06,50.54,0.0028415788
816,51.265,0.0076556774,51.885000000000005,0.00044960587,50.225,2.4567264e-06,50.34,0.0028374013
817,51.6725,0.007638755,52.0675,0.00044840298,50.2375,2.4532058e-06,50.14,0.002831647
818,52.08,0.007626203,52.25,0.00044759328,50.25,2.449182e-06,49.94,0.0028296444
819,51.7675,0.0076113595,52.365,0.00044719354,50.075,2.4468325e-06,49.754999999999995,0.0028249316
820,51.455,0.0075753434,52.480000000000004,0.00044632787,49.9,2.4426975e-06,49.57,0.0028200124
821,51.1425,0.0075486246,52.595,0.000445882,49.724999999999994,2.4411693e-06,49.385000000000005,0.0028117483
822,50.83,0.007536249,52.71,0.00044515336,49.55,2.4386056e-06,49.2,0.002809077
823,50.864999999999995,0.0075235176,52.39,0.00044434838,49.647499999999994,2.4341855e-06,49.28,0.0028044805
824,50.9,0.007484199,52.07,0.0004436377,49.745,2.428524e-06,49.36,0.002796629
825,50.935,0.007453166,51.75,0.00044303734,49.8425,2.4241226e-06,49.440000000000005,0.002793303
826,50.97,0.007434811,51.43,0.00044239406,49.94,2.4230449e-06,49.52,0.002789435
827,51.045,0.0074234162,51.475,0.00044154096,49.89,2.4211674e-06,49.722500000000004,0.0027881812
828,51.120000000000005,0.00737782,51.519999999999996,0.00044082874,49.84,2.420312e-06,49.925,0.0027871875
829,51.195,0.0073476033,51.565,0.00043970562,49.79,2.4065885e-06,50.1275,0.0027798302
830,51.27,0.007338163,51.61,0.00043934656,49.74,2.405936e-06,50.33,0.0027769404
831,51.0925,0.0073246355,51.6625,0.00043832965,49.81,2.4027672e-06,50.06,0.0027688441
832,50.915000000000006,0.0072669713,51.715,0.00043728834,49.88,2.4009748e-06,49.79,0.0027642862
833,50.737500000000004,0.007250752,51.7675,0.00043687332,49.95,2.3956404e-06,49.519999999999996,0.0027606988
834,50.56,0.0072232755,51.82,0.00043662108,50.02,2.3924028e-06,49.25,0.002759122
835,50.697500000000005,0.0072083804,51.9025,0.00043602553,50.057500000000005,2.3893886e-06,49.51,0.002754793
836,50.835,0.0071906177,51.985,0.0004349845,50.095,2.3821058e-06,49.769999999999996,0.0027487904
837,50.9725,0.007156907,52.067499999999995,0.00043446833,50.1325,2.3811156e-06,50.03,0.002748085
838,51.11,0.0071417717,52.15,0.00043428584,50.17,2.3740909e-06,50.29,0.0027425368
839,51.207499999999996,0.0071017602,51.435,0.00043364154,50.0625,2.3714613e-06,50.375,0.0027395126
840,51.305,0.0070846165,50.72,0.00043281374,49.955,2.3668913e-06,50.46,0.0027352874
841,51.4025,0.007070239,50.004999999999995,0.00043192066,49.847500000000004,2.366102e-06,50.545,0.0027291712
842,51.5,0.0070201876,49.29,0.0004313665,49.74,2.3613186e-06,50.63,0.0027261314
843,51.295,0.0070092054,49.5075,0.000430871,49.847500000000004,2.3585612e-06,50.6075,0.0027236214
844,51.09,0.0069763716,49.724999999999994,0.00042992225,49.955,2.3530013e-06,50.585,0.002715619
845,50.885,0.006956109,49.942499999999995,0.0004292295,50.0625,2.349924e-06,50.5625,0.002709059
846,50.68,0.006917201,50.16,0.00042880722,50.17,2.3473106e-06,50.54,0.002705208
847,50.595,0.0069020027,50.3425,0.0004282904,50.1375,2.3439115e-06,50.34,0.002698727
848,50.510000000000005,0.0068936516,50.525,0.00042692377,50.105000000000004,2.3373586e-06,50.14,0.0026953109
849,50.425000000000004,0.006892243,50.707499999999996,0.00042654105,50.0725,2.3348496e-06,49.94,0.0026883956
850,50.34,0.006832509,50.89,0.00042629312,50.04,2.3287644e-06,49.74,0.002686628
851,50.315000000000005,0.0067944485,51.115,0.00042548732,49.93,2.3252683e-06,50.06,0.002684415
852,50.290000000000006,0.0067820507,51.34,0.00042456726,49.82,2.3228288e-06,50.38,0.0026768793
853,50.265,0.0067648944,51.565,0.00042393847,49.71,2.3209639e-06,50.7,0.0026758825
854,50.24,0.0067449994,51.79,0.00042308957,49.6,2.3144862e-06,51.02,0.0026703544
855,50.5175,0.006719693,51.6225,0.00042235895,49.7875,2.3102089e-06,50.9425,0.0026630426
856,50.795,0.00671301,51.455,0.0004213034,49.975,2.3068603e-06,50.865,0.002652699
857,51.072500000000005,0.0066838115,51.287499999999994,0.000420616,50.1625,2.3055266e-06,50.7875,0.0026505634
858,51.35,0.006642039,51.12,0.00042029945,50.35,2.3021912e-06,50.71,0.0026493445
859,51.38,0.0066242656,51.31,0.0004198252,50.4125,2.2984957e-06,50.667500000000004,0.0026407787
860,51.41,0.006605069,51.5,0.00041888808,50.475,2.29568e-06,50.625,0.0026388438
861,51.44,0.0065804906,51.69,0.00041853698,50.5375,2.289863e-06,50.582499999999996,0.0026317185
862,51.47,0.0065448782,51.88,0.00041766086,50.6,2.2884399e-06,50.54,0.002627317
863,51.2125,0.0065397937,51.910000000000004,0.00041674078,50.480000000000004,2.2849542e-06,50.37,0.002623699
864,50.955,0.006504843,51.94,0.00041612372,50.36,2.2834163e-06,50.2,0.0026187114
865,50.6975,0.0064740228,51.97,0.0004153197,50.239999999999995,2.2794734e-06,50.03,0.0026156916
866,50.44,0.0064559816,52.0,0.0004150469,50.12,2.2729391e-06,49.86,0.0026127
867,50.37,0.0064281137,51.6175,0.00041463666,50.052499999999995,2.2697948e-06,50.144999999999996,0.0026038557
868,50.3,0.0064093545,51.235,0.0004131547,49.985,2.2675267e-06,50.43,0.0026025618
869,50.23,0.0063660666,50.8525,0.00041242357,49.917500000000004,2.2616969e-06,50.715,0.0026000577
870,50.16,0.006351187,50.47,0.00041213885,49.85,2.260501e-06,51.0,0.0025988778
871,50.1875,0.0063368054,50.6475,0.00041139656,49.9675,2.255822e-06,50.8425,0.0025920225
872,50.215,0.0062828017,50.825,0.00041112074,50.085,2.246591e-06,50.685,0.0025863163
873,50.2425,0.006263548,51.0025,0.00041035702,50.2025,2.2439501e-06,50.527499999999996,0.0025803486
874,50.27,0.0062410915,51.18,0.00040996695,50.32,2.2412505e-06,50.37,0.0025737418
875,50.445,0.0061988523,51.355000000000004,0.0004092564,50.3875,2.240532e-06,50.445,0.0025707127
876,50.620000000000005,0.006184508,51.53,0.00040790188,50.455,2.2363934e-06,50.519999999999996,0.0025688934
877,50.795,0.006155772,51.705,0.00040704128,50.5225,2.2312802e-06,50.595,0.0025624293
878,50.97,0.00614412,51.88,0.0004065999,50.59,2.2288643e-06,50.67,0.002557482
879,50.7125,0.0061045154,51.917500000000004,0.0004050108,50.6,2.2243416e-06,50.615,0.0025511433
880,50.455,0.006095901,51.955,0.00040416548,50.61,2.2192762e-06,50.56,0.002548716
881,50.1975,0.0060687647,51.9925,0.00040396204,50.620000000000005,2.213095e-06,50.505,0.0025443938
882,49.94,0.00606235,52.03,0.0004027339,50.63,2.2113022e-06,50.45,0.0025344254
883,50.095,0.006023129,51.72,0.0004021297,50.565,2.208912e-06,50.58,0.0025290698
884,50.25,0.0060059996,51.41,0.00040146528,50.5,2.20341e-06,50.71,0.0025274137
885,50.405,0.005981327,51.1,0.00040113434,50.435,2.2020677e-06,50.84,0.002524511
886,50.56,0.00597109,50.79,0.00040009667,50.37,2.20096e-06,50.97,0.0025142191
887,50.57,0.005944538,50.9825,0.00039985596,50.192499999999995,2.1965625e-06,50.84,0.0025089213
888,50.58,0.005942582,51.175,0.00039957048,50.015,2.1912947e-06,50.71,0.00250856
889,50.59,0.005927223,51.3675,0.00039765128,49.8375,2.1903843e-06,50.58,0.0025019064
890,50.6,0.0058973664,51.56,0.00039748955,49.66,2.185962e-06,50.45,0.0025004519
891,50.59,0.005880814,51.472500000000004,0.00039704365,49.7125,2.1816231e-06,50.3825,0.0024947475
892,50.58,0.00585805,51.385000000000005,0.00039609053,49.765,2.1747048e-06,50.315,0.002492923
893,50.57,0.0058163037,51.2975,0.0003951863,49.817499999999995,2.172658e-06,50.2475,0.0024886047
894,50.56,0.005813248,51.21,0.00039481156,49.87,2.171218e-06,50.18,0.0024811057
895,50.53,0.005782026,51.26,0.00039349362,49.795,2.1665458e-06,50.1875,0.0024799458
896,50.5,0.00576317,51.31,0.00039318102,49.72,2.1661815e-06,50.195,0.0024779325
897,50.47,0.005740137,51.36,0.00039214708,49.644999999999996,2.1627234e-06,50.2025,0.002468609
898,50.44,0.0057353526,51.41,0.00039142524,49.57,2.1532448e-06,50.21,0.0024664588
899,50.629999999999995,0.0057253214,51.332499999999996,0.00039067405,49.7375,2.1508536e-06,50.3925,0.002457971
900,50.82,0.005696559,51.254999999999995,0.00038958847,49.905,2.1455712e-06,50.575,0.0024557058
901,51.010000000000005,0.0056794984,51.1775,0.00038900055,50.072500000000005,2.1430412e-06,50.7575,0.0024524522
902,51.2,0.0056535015,51.1,0.0003883909,50.24,2.1408505e-06,50.94,0.0024442927
903,51.07,0.0056455694,51.3325,0.00038723362,50.215,2.1335868e-06,50.86,0.0024389387
904,50.94,0.005612125,51.565,0.00038623874,50.19,2.1305939e-06,50.78,0.0024348393
905,50.81,0.0055699195,51.7975,0.0003853668,50.165,2.1281976e-06,50.699999999999996,0.0024321314
906,50.68,0.00555523,52.03,0.0003848279,50.14,2.1252017e-06,50.62,0.002425599
907,50.71,0.005524978,52.010000000000005,0.00038348912,50.0375,2.122682e-06,50.582499999999996,0.0024185756
908,50.739999999999995,0.0055168523,51.99,0.0003829514,49.935,2.1161752e-06,50.545,0.0024149476
909,50.769999999999996,0.005485468,51.97,0.00038249782,49.832499999999996,2.1115723e-06,50.5075,0.002406347
910,50.8,0.005481369,51.95,0.0003822886,49.73,2.1083604e-06,50.47,0.002404082
911,50.57,0.005452167,52.057500000000005,0.000381422,49.8775,2.1046446e-06,50.427499999999995,0.0024003056
912,50.34,0.0054371003,52.165000000000006,0.00038019574,50.025,2.0991574e-06,50.385,0.0023960636
913,50.11,0.005417053,52.2725,0.00037887134,50.1725,2.0954922e-06,50.3425,0.0023919772
914,49.88,0.005403402,52.38,0.0003783519,50.32,2.0921166e-06,50.3,0.0023854626
915,49.8925,0.0053877137,52.27,0.00037799953,50.2425,2.0905595e-06,50.425,0.0023822004
916,49.905,0.0053640907,52.16,0.00037752258,50.165,2.0887453e-06,50.55,0.0023755378
917,49.917500000000004,0.0053192233,52.05,0.00037679292,50.0875,2.0833922e-06,50.675,0.0023697494
918,49.93,0.005304819,51.94,0.00037619285,50.01,2.075981e-06,50.8,0.0023663417
919,49.95,0.005280802,51.67,0.00037558418,49.89,2.0740586e-06,50.78,0.002363127
920,49.97,0.0052777836,51.4,0.00037497285,49.769999999999996,2.071433e-06,50.76,0.0023564145
921,49.989999999999995,0.005237101,51.129999999999995,0.000373752,49.65,2.0663365e-06,50.739999999999995,0.0023532999
922,50.01,0.0052167024,50.86,0.00037281282,49.53,2.065518e-06,50.72,0.0023426067
923,49.9525,0.0051959436,51.1075,0.00037154165,49.7525,2.056943e-06,50.5175,0.0023370688
924,49.894999999999996,0.0051547266,51.355000000000004,0.00037128798,49.975,2.052582e-06,50.315,0.0023327712
925,49.8375,0.0051324205,51.6025,0.00037090384,50.197500000000005,2.0483196e-06,50.1125,0.0023265537
926,49.78,0.005119124,51.85,0.00036962584,50.42,2.0475627e-06,49.91,0.0023229711
927,49.7825,0.005075805,51.555,0.00036873986,50.2,2.0433301e-06,50.095,0.0023172414
928,49.785,0.005068682,51.260000000000005,0.00036816826,49.980000000000004,2.0357797e-06,50.28,0.002306617
929,49.7875,0.0050650854,50.965,0.00036756723,49.76,2.0327009e-06,50.464999999999996,0.0023026261
930,49.79,0.0050432333,50.67,0.00036635748,49.54,2.0303314e-06,50.65,0.0022992888
931,49.81,0.004999976,50.5075,0.00036501556,49.6025,2.023022e-06,50.54,0.0022966464
932,49.83,0.004959451,50.345,0.0003643044,49.665,2.0220223e-06,50.43,0.0022931874
933,49.849999999999994,0.0049497453,50.182500000000005,0.0003636772,49.7275,2.0199695e-06,50.32,0.0022765778
934,49.87,0.00490699,50.02,0.0003625909,49.79,2.0177326e-06,50.21,0.002273537
935,49.787499999999994,0.0048824176,50.14,0.00036209635,49.7875,2.0124728e-06,50.215,0.0022673502
936,49.705,0.0048247874,50.260000000000005,0.0003603862,49.785,2.0098014e-06,50.22,0.0022584298
937,49.6225,0.004822464,50.38,0.000359475,49.7825,2.0077186e-06,50.224999999999994,0.0022517315
938,49.54,0.0048076613,50.5,0.0003578951,49.78,2.002599e-06,50.23,0.0022472546
939,49.7225,0.0047773663,50.6225,0.0003575824,49.905,1.9945862e-06,50.1425,0.0022419586
940,49.905,0.0047508543,50.745000000000005,0.0003566758,50.03,1.9912736e-06,50.055,0.002237211
941,50.087500000000006,0.004737876,50.8675,0.00035604284,50.155,1.9877382e-06,49.9675,0.0022273674
942,50.27,0.0046918076,50.99,0.000355156,50.28,1.9851982e-06,49.88,0.0022237224
943,50.197500000000005,0.0046859477,50.67,0.00035506082,50.055,1.977866e-06,49.8025,0.002220512
944,50.125,0.0046468903,50.35,0.0003547438,49.83,1.9754832e-06,49.725,0.002214073
945,50.052499999999995,0.0046386644,50.03,0.00035257792,49.605000000000004,1.9686152e-06,49.6475,0.0022074461
946,49.98,0.004614755,49.71,0.00035120634,49.38,1.9651748e-06,49.57,0.0022032373
947,49.9875,0.004596218,50.167500000000004,0.00035045086,49.4975,1.963791e-06,49.92,0.0021871845
948,49.995,0.0045886887,50.625,0.00034966687,49.615,1.9582908e-06,50.269999999999996,0.0021814355
949,50.0025,0.0045607025,51.082499999999996,0.00034893985,49.7325,1.9530846e-06,50.62,0.0021797558
950,50.01,0.004520073,51.54,0.00034788327,49.85,1.950274e-06,50.97,0.0021613336
951,50.23,0.004511895,51.4475,0.00034648538,49.84,1.9403872e-06,50.7925,0.0021347196
952,50.45,0.0045000394,51.355000000000004,0.00034614003,49.83,1.9371987e-06,50.614999999999995,0.0021259838
953,50.67,0.0044671674,51.2625,0.00034487993,49.82,1.9356569e-06,50.4375,0.0021082636
954,50.89,0.004448858,51.17,0.00034366606,49.81,1.9305098e-06,50.26,0.002100897
955,50.85,0.0044017886,51.150000000000006,0.0003429844,49.86,1.9298016e-06,50.0125,0.0020918024
956,50.81,0.0043560266,51.13,0.00034262473,49.91,1.921004e-06,49.765,0.0020854126
957,50.769999999999996,0.0043361397,51.11,0.0003418718,49.96,1.91912e-06,49.5175,0.0020731064
958,50.73,0.004313394,51.09,0.0003408753,50.01,1.9154447e-06,49.27,0.0020658078
959,50.427499999999995,0.0042660153,51.160000000000004,0.00033912793,49.78,1.9136044e-06,49.3975,0.0020604911
960,50.125,0.004227978,51.230000000000004,0.0003387841,49.55,1.908416e-06,49.525000000000006,0.0020591805
961,49.822500000000005,0.004208782,51.3,0.00033796366,49.32,1.8985658e-06,49.6525,0.0020445783
962,49.52,0.004182685,51.37,0.00033607543,49.09,1.8939515e-06,49.78,0.002039675
963,49.835,0.004137387,51.3625,0.00033593446,49.245000000000005,1.8914158e-06,49.89,0.0020335424
964,50.150000000000006,0.0041166916,51.355000000000004,0.00033475622,49.400000000000006,1.8881473e-06,50.0,0.002028303
965,50.465,0.0040439647,51.347500000000004,0.00033437248,49.555,1.8864451e-06,50.11,0.0020217833
966,50.78,0.004030838,51.34,0.00033274046,49.71,1.8842571e-06,50.22,0.0020109566
967,50.730000000000004,0.0039657755,51.347500000000004,0.00033207788,49.7225,1.8763805e-06,50.192499999999995,0.0020081056
968,50.68,0.0039095427,51.355000000000004,0.0003306289,49.735,1.8748267e-06,50.165,0.0019980296
969,50.629999999999995,0.0038560452,51.3625,0.0003296757,49.7475,1.866306e-06,50.1375,0.0019961235
970,50.58,0.0038158428,51.37,0.0003285159,49.76,1.860742e-06,50.11,0.0019907681
971,50.364999999999995,0.0038040432,51.037499999999994,0.00032661733,49.8825,1.8565789e-06,50.2475,0.0019771801
972,50.15,0.00377655,50.705,0.00032601922,50.004999999999995,1.8518502e-06,50.385,0.0019715782
973,49.935,0.0037313928,50.3725,0.00032442372,50.1275,1.8499037e-06,50.522499999999994,0.0019662217
974,49.72,0.003702014,50.04,0.00032296602,50.25,1.8443169e-06,50.66,0.0019631584
975,49.7375,0.0036906393,50.3825,0.00032276657,50.2775,1.8406485e-06,50.5725,0.0019569676
976,49.754999999999995,0.0036837705,50.724999999999994,0.00032090934,50.305,1.8373635e-06,50.485,0.0019413193
977,49.7725,0.0036611166,51.067499999999995,0.00032027098,50.332499999999996,1.8348787e-06,50.3975,0.0019270352
978,49.79,0.0036517584,51.41,0.0003179828,50.36,1.8265154e-06,50.31,0.001920527
979,49.79,0.0036204383,51.192499999999995,0.0003174913,50.215,1.8221548e-06,50.36,0.001911278
980,49.79,0.003612399,50.974999999999994,0.00031712998,50.07,1.8182127e-06,50.41,0.0019072691
981,49.79,0.0035878224,50.7575,0.00031620052,49.925,1.8139106e-06,50.46,0.0018995445
982,49.79,0.0035298592,50.54,0.00031547467,49.78,1.8101873e-06,50.51,0.0018889557
983,50.0025,0.0035141502,50.28,0.00031466282,49.8475,1.805645e-06,50.41,0.0018853773
984,50.215,0.0035041778,50.019999999999996,0.00031342424,49.915,1.8031798e-06,50.31,0.0018809462
985,50.4275,0.0034805841,49.76,0.00031288498,49.9825,1.7985551e-06,50.21,0.0018752272
986,50.64,0.0034675961,49.5,0.00031178087,50.05,1.790265e-06,50.11,0.0018651034
987,50.6025,0.0034351181,49.9,0.0003107833,49.83,1.7889258e-06,50.1275,0.001852975
988,50.565,0.0034171343,50.3,0.00030886623,49.61,1.7776795e-06,50.144999999999996,0.0018368774
989,50.5275,0.0033951104,50.7,0.00030843128,49.39,1.7715976e-06,50.1625,0.0018306642
990,50.49,0.0033753428,51.1,0.00030717114,49.17,1.7698386e-06,50.18,0.0018248741
991,50.35,0.0033448238,50.925,0.00030639672,49.605000000000004,1.7602589e-06,50.19,0.0018201908
992,50.21,0.0033179955,50.75,0.00030566187,50.04,1.7563455e-06,50.2,0.001809177
993,50.07,0.0032943145,50.575,0.00030409973,50.474999999999994,1.7483962e-06,50.21,0.0017985677
994,49.93,0.0032815326,50.4,0.0003027137,50.91,1.7426262e-06,50.22,0.0017929337
995,49.865,0.003272126,50.589999999999996,0.00030111038,50.879999999999995,1.7405221e-06,50.2925,0.0017808168
996,49.8,0.0031431413,50.78,0.00030011986,50.849999999999994,1.7391432e-06,50.364999999999995,0.0017686925
997,49.735,0.0031248552,50.97,0.00029847265,50.82,1.7303786e-06,50.4375,0.0017628756
998,49.67,0.0030978257,51.16,0.00029774243,50.79,1.7215586e-06,50.51,0.0017332276
999,49.6075,0.0030471508,51.12,0.0002961403,50.555,1.7133892e-06,50.3375,0.0017182509
1000,49.545,0.003005631,51.08,0.0002957665,50.32,1.7081447e-06,50.165,0.0017080471
1001,49.4825,0.0029929087,51.04,0.00029473126,50.085,1.7033636e-06,49.9925,0.0017068193
1002,49.42,0.0029596174,51.0,0.00029182975,49.85,1.7012461e-06,49.82,0.0016904518
1003,49.59,0.0029367018,50.9375,0.0002909927,50.005,1.6956301e-06,49.769999999999996,0.0016832962
1004,49.760000000000005,0.0024716437,50.875,0.0002891688,50.16,1.685319e-06,49.72,0.0016224785
1005,49.93,0.0024574471,50.8125,0.00028801145,50.315,1.6781403e-06,49.67,0.0016068938
1006,50.1,0.0024545845,50.75,0.00028616213,50.47,1.6668305e-06,49.62,0.0015924582
1007,50.1225,0.0024285743,50.625,0.00028409867,50.2425,1.6626769e-06,49.8425,0.0015916121
1008,50.144999999999996,0.0024032507,50.5,0.00028361304,50.015,1.6570435e-06,50.065,0.0015771704
1009,50.1675,0.0023835811,50.375,0.0002828078,49.7875,1.6442578e-06,50.287499999999994,0.0015669129
1010,50.19,0.0023513786,50.25,0.00028171862,49.56,1.634932e-06,50.51,0.0015552626
1011,50.074999999999996,0.0023231502,50.37,0.0002792021,49.47,1.629099e-06,50.582499999999996,0.0015507692
1012,49.959999999999994,0.002313058,50.489999999999995,0.0002790684,49.38,1.6160615e-06,50.655,0.0015023315
1013,49.845,0.0023015537,50.61,0.00027414344,49.290000000000006,1.6139368e-06,50.7275,0.0014874525
1014,49.73,0.0022724574,50.73,0.00027174357,49.2,1.6005614e-06,50.8,0.0014747664
1015,49.7125,0.0022602833,50.8225,0.00027092212,49.265,1.5955136e-06,50.54,0.0014714191
1016,49.69499999999999,0.0021344216,50.915,0.00026798053,49.33,1.5834963e-06,50.28,0.0014568644
1017,49.677499999999995,0.0021205246,51.0075,0.0002644924,49.395,1.5543877e-06,50.019999999999996,0.0014521021
1018,49.66,0.002086602,51.1,0.00026385044,49.46,1.5441141e-06,49.76,0.0014385765
1019,50.0875,0.0020422344,50.822500000000005,0.00025918428,49.64,1.5365836e-06,49.8475,0.001422634
1020,50.515,0.0015720783,50.545,0.00025719946,49.82,1.5087694e-06,49.935,0.0013051139
1021,50.942499999999995,0.0015464533,50.2675,0.00025371014,50.0,1.5020903e-06,50.0225,0.0012843892
1022,51.37,0.0015445178,49.99,0.00023922806,50.18,1.4886468e-06,50.11,0.0012777614
